鄉鎮市區,交易標的,土地區段位置建物區段門牌,土地移轉總面積平方公尺,都市土地使用分區,非都市土地使用分區,非都市土地使用編定,交易年月日,交易筆棟數,移轉層次,總樓層數,建物型態,主要用途,主要建材,建築完成年月,建物移轉總面積平方公尺,建物現況格局-房,建物現況格局-廳,建物現況格局-衛,建物現況格局-隔間,有無管理組織,總價元,單價元平方公尺,車位類別,車位移轉總面積平方公尺,車位總價元,備註,編號
The villages and towns urban district,transaction sign,land sector position building sector house number plate,land shifting total area square meter,the use zoning or compiles and checks,the non-metropolis land use district,non-metropolis land use,transaction year month and day,transaction pen number,shifting level,total floor number,building state,main use,main building materials,construction to complete the years,building shifting total area,Building present situation pattern - room,building present situation pattern - hall,building present situation pattern - health,building present situation pattern - compartmented,Whether there is manages the organization,total price Yuan,the unit price a Yuan square meter,the berth category,berth shifting total area square meter,the berth total price Yuan,the note,serial number
中正區,房地(土地+建物),臺北市中正區汀州路三段211~240號,6.01,商,,,1080630,土地2建物1車位0,七層,七層,套房(1房1廳1衛),住家用,鋼筋混凝土造,0701119,32.11,1,1,1,有,有,7490000,233261,,0.0,0,含增建或未登記建物。;,RPOOMLMJQHOFFAA57CA
文山區,房地(土地+建物)+車位,臺北市文山區興隆路二段96巷1~30號,36.94,住,,,1080621,土地1建物1車位1,四層,七層,華廈(10層含以下有電梯),見其他登記事項,鋼筋混凝土造,1070105,174.2,0,0,0,無,有,31100000,192007,升降機械,20.56,1600000,土地及建物分次登記案件。前案土地登記收件字號：;,RPUOMLMJQHOFFAA18CA
中正區,房地(土地+建物),臺北市中正區中華路二段75巷1~30號,38.04,住,,,1080618,土地2建物1車位0,五層，陽台,七層,華廈(10層含以下有電梯),住家用,鋼筋混凝土造,0650713,135.36,3,2,3,有,無,17600000,130024,,0.0,0,,RPQNMLQJQHOFFAA08CA
文山區,房地(土地+建物)+車位,臺北市文山區指南路三段1~30號,22.86,住,,,1080702,土地1建物1車位1,九層,十層,華廈(10層含以下有電梯),住家用,鋼筋混凝土造,0970508,137.26,2,2,2,有,有,14500000,105639,坡道平面,40.16,0,,RPQOMLQJQHOFFAA18CA
文山區,房地(土地+建物),臺北市文山區興隆路一段184巷2弄1~30號,32.75,住,,,1080619,土地1建物1車位0,三層,四層,公寓(5樓含以下無電梯),住家用,鋼筋混凝土造,0620105,100.31,3,2,1,有,無,11850000,118134,,0.0,0,含增建或未登記建物。;,RPTOMLQJQHOFFAA48CA
文山區,房地(土地+建物),臺北市文山區木柵路二段1~30號,66.0,住,,,1080626,土地3建物1車位0,全,二層,透天厝,住家用,加強磚造,0560310,109.8,5,3,3,有,無,32000000,291439,,0.0,0,含增建或未登記建物。;,RPROMLSJQHOFFAA48CA
中正區,房地(土地+建物)+車位,臺北市中正區?m門街121~150號,6.85,商,,,1080711,土地1建物1車位1,八層,十二層,套房(1房1廳1衛),見其他登記事項,鋼筋混凝土造,1070816,73.22999999999999,1,1,1,有,有,13700000,183846,升降機械,6.87,1500000,,RPSNMLMKQHOFFAA97CA
文山區,房地(土地+建物),臺北市文山區新光路一段32巷1~30號,28.8,住,,,1080703,土地1建物1車位0,二層,五層,公寓(5樓含以下無電梯),住家用,鋼筋混凝土造,0690124,99.79,3,1,1,有,無,11000000,110231,,0.0,0,,RPSPMLNKQHOFFAA28CA
文山區,房地(土地+建物),臺北市文山區羅斯福路六段91~120號,23.47,商,,,1080612,土地1建物1車位0,十層,十層,華廈(10層含以下有電梯),住家用,鋼筋混凝土造,0711130,146.86,3,2,2,有,有,15800000,107585,,0.0,0,親友、員工或其他特殊關係間之交易。;頂樓增建1房1廳1衛,RPUOMLQKQHOFFAA68CA
中正區,房地(土地+建物),臺北市中正區南昌路二段61~90號,5.45,商,,,1060929,土地2建物1車位0,六層,十四層,套房(1房1廳1衛),見其他登記事項,見其他登記事項,1080124,60.839999999999996,1,1,1,有,無,18150000,298323,,0.0,0,,RPUNMLNLQHOFFAA38CA
中正區,房地(土地+建物)+車位,臺北市中正區南昌路二段61~90號,5.18,商,,,1060929,土地2建物1車位1,六層,十四層,套房(1房1廳1衛),見其他登記事項,見其他登記事項,1080124,96.78,1,1,1,有,無,19920000,307031,其他,38.61,2060000,,RPVNMLNLQHOFFAA48CA
文山區,房地(土地+建物),臺北市文山區興隆路三段112巷2弄31~60號,20.69,商,,,1080614,土地1建物1車位0,五層,五層,公寓(5樓含以下無電梯),住家用,鋼筋混凝土造,0690201,155.06,5,2,4,有,有,17550000,113182,,0.0,0,含增建或未登記建物。;,RPWOMLQLQHOFFAA98CA
中正區,房地(土地+建物)+車位,臺北市中正區羅斯福路四段151~180號,23.72,商,,,1080603,土地2建物1車位2,七層,十五層,住宅大樓(11層含以上有電梯),住家用,鋼筋混凝土造,1031031,280.36,3,2,3,有,有,69000000,246112,塔式車位,0.0,0,,RPSNMLSLQHOFFAA68CA
大同區,房地(土地+建物)+車位,臺北市大同區民族西路225巷1~30號,34.73,住,,,1080621,土地1建物1車位1,七層,十一層,住宅大樓(11層含以上有電梯),住家用,鋼筋混凝土造,0960731,196.9,3,2,2,有,有,27700000,140681,坡道平面,0.0,0,含增建或未登記建物。;,RPVOMLLJQHOFFBA28CA
大同區,房地(土地+建物),臺北市大同區重慶北路二段61~90號,9.91,商,,,1080518,土地3建物1車位0,七層,十二層,其他,商業用,鋼筋混凝土造,0740129,115.49000000000001,4,2,1,有,有,16600000,143735,,0.0,0,含增建或未登記建物。;商業用,RPQPMLMJQHOFFBA97CA
大同區,車位,臺北市大同區保安街72巷1~30號,0.11,商,,,1080720,土地0建物0車位1,一層,七層,其他,見其他登記事項,鋼筋混凝土造,0970612,7.12,0,0,0,有,有,770000,,升降機械,6.94,770000,單獨車位交易。;,RPTPMLMJQHOFFBA28CA
萬華區,房地(土地+建物)+車位,臺北市萬華區梧州街31~60號,94.52,商,,,1080712,土地1建物4車位5,三層,十層,辦公商業大樓,見其他登記事項,鋼筋混凝土造,0940607,928.97,0,0,0,無,無,113000000,121640,升降平面,129.58,0,,RPWPMLMJQHOFFBA58CA
中正區,土地,臨沂段一小段541~570地號,9.0,住,,,1080722,土地2建物0車位0,,,其他,,,,0.0,0,0,0,有,無,4266000,474000,,0.0,0,親友、員工或其他特殊關係間之交易。;包含公共設施保留地之交易。;,RPPNMLOJQHOFFBA87CA
萬華區,房地(土地+建物),臺北市萬華區康定路211~240號,2.34,商,,,1080711,土地3建物1車位0,十層,十一層,套房(1房1廳1衛),住家用,鋼筋混凝土造,0700410,22.03,1,1,1,有,有,2380000,108034,,0.0,0,,RPXNMLSJQHOFFBA09CA
內湖區,房地(土地+建物)+車位,臺北市內湖區成功路四段61~90號,4.74,商,,,1080707,土地1建物1車位1,五層,十四層,套房(1房1廳1衛),商業用,鋼筋混凝土造,0841003,96.67999999999999,1,1,1,有,有,9250000,95676,坡道平面,0.0,0,含增建或未登記建物。;,RPPRMLLJQHOFFCA08CA
內湖區,房地(土地+建物)+車位,臺北市內湖區內湖路二段331~360號,27.57,住,,,1080723,土地1建物1車位1,四層,十四層,住宅大樓(11層含以上有電梯),住家用,鋼筋混凝土造,1031023,181.86,3,2,2,有,有,29508888,162253,坡道平面,0.0,0,向政府機關承購之案件。;,RPQRMLLJQHOFFCA18CA
中山區,房地(土地+建物)+車位,臺北市中山區長安東路一段56巷7弄1~30號,14.19,商,,,1080701,土地1建物1車位1,五層,五層,套房(1房1廳1衛),住家用,鋼筋混凝土造,1050825,71.14,1,1,1,有,有,16000000,224909,塔式車位,11.38,0,建商與地主合建案。;,RPQNMLMJQHOFFCA87CA
內湖區,房地(土地+建物)+車位,臺北市內湖區文德路90巷31~60號,17.42,住,,,1080625,土地1建物1車位1,七層,九層,華廈(10層含以下有電梯),住家用,鋼筋混凝土造,0861125,88.50999999999999,1,1,1,有,有,15300000,172862,坡道機械,0.0,0,,RPUNMLMJQHOFFCA28CA
中山區,房地(土地+建物)+車位,臺北市中山區長春路181~210號,20.09,商,,,1080623,土地2建物1車位1,十四層,十四層,住宅大樓(11層含以上有電梯),住家用,鋼筋混凝土造,0990324,222.32,3,2,2,有,有,58000000,260885,坡道平面,18.23,0,含增建或未登記建物。;,RPROMLMJQHOFFCA08CA
內湖區,房地(土地+建物)+車位,臺北市內湖區康樂街211~240號,68.29,住,,,1080621,土地1建物1車位1,一層,十一層,住宅大樓(11層含以上有電梯),住家用,鋼筋混凝土造,0831208,142.32000000000002,3,2,2,有,有,17560000,123384,坡道平面,0.0,0,含增建或未登記建物。;,RPOPMLMJQHOFFCA87CA
內湖區,房地(土地+建物)+車位,臺北市內湖區金湖路326巷31~60號,14.95,住,,,1080619,土地1建物1車位1,四層,十層,華廈(10層含以下有電梯),住家用,鋼筋混凝土造,0870817,62.67,2,1,1,有,有,12400000,197862,坡道機械,0.0,0,含增建或未登記建物。;,RPSPMLMJQHOFFCA28CA
萬華區,房地(土地+建物),臺北市萬華區西園路二段261巷31~60號,68.0,住,,,1080618,土地2建物1車位0,全,二層,透天厝,,磚造,,90.3,4,2,2,有,無,13900000,153931,,0.0,0,含增建或未登記建物。;,RPSOMLOKQHOFFBA38CA
萬華區,房地(土地+建物),臺北市萬華區大理街160巷24弄1~30號,34.79,其他,,,1080630,土地1建物1車位0,四層,五層,公寓(5樓含以下無電梯),住家用,鋼筋混凝土造,,107.98,4,2,1,有,有,12800000,118540,,0.0,0,,RPOPMLNKQHOFFBA97CA
中正區,房地(土地+建物)+車位,臺北市中正區連雲街6巷1~30號,38.52,住,,,1080712,土地2建物1車位1,五層,六層,華廈(10層含以下有電梯),住家用,鋼筋混凝土造,0780426,169.44,4,2,2,有,有,39800000,234891,坡道平面,0.0,0,,RPVNMLQKQHOFFBA78CA
萬華區,房地(土地+建物),臺北市萬華區長沙街二段91~120號,9.92,商,,,1080625,土地1建物1車位0,九層,十四層,住宅大樓(11層含以上有電梯),見使用執照,鋼筋混凝土造,0910208,122.21,2,2,1,有,有,22200000,181655,,0.0,0,含增建或未登記建物。;,RPOOMLTKQHOFFBA48CA
中山區,房地(土地+建物)+車位,臺北市中山區新生北路二段68巷1~30號,9.92,商,,,1080531,土地1建物1車位1,十一層,十二層,住宅大樓(11層含以上有電梯),住家用,見其他登記事項,1050602,119.56,2,1,1,有,有,21610000,272482,坡道平面,45.39,1400000,,RPWQMLQJQHOFFCA56CA
中山區,房地(土地+建物),臺北市中山區林森北路541~570號,4.97,商,,,1080520,土地1建物1車位0,六層,十二層,套房(1房1廳1衛),商業用,鋼筋混凝土造,0670421,40.919999999999995,1,1,1,有,有,5820000,142229,,0.0,0,,RPURMLRJQHOFFCA56CA
內湖區,房地(土地+建物),臺北市內湖區內湖路一段737巷8弄1~30號,27.57,商,,,1080603,土地1建物1車位0,五層,五層,公寓(5樓含以下無電梯),住家用,鋼筋混凝土造,0690306,118.89999999999999,3,2,2,有,無,18340000,154247,,0.0,0,,RPVPMLNKQHOFFCA78CA
內湖區,房地(土地+建物),臺北市內湖區內湖路二段103巷119弄1~30號,15.98,住,,,1080710,土地2建物1車位0,七層,十四層,住宅大樓(11層含以上有電梯),住家用,鋼筋混凝土造,0720331,127.28999999999999,3,2,2,有,有,16000000,125697,,0.0,0,,RPXRMLQKQHOFFCA86CA
中山區,房地(土地+建物),臺北市中山區松江路26巷31~60號,3.19,住,,,1080723,土地1建物1車位0,十一層,十二層,住宅大樓(11層含以上有電梯),住家用,鋼筋混凝土造,0691231,34.9,1,0,1,有,有,6330000,181375,,0.0,0,,RPUOMLTKQHOFFCA56CA
中山區,車位,臺北市中山區北安路608巷4弄1~30號,3.17,住,,,1080719,土地0建物0車位2,地下三層,十三層,其他,見使用執照,鋼筋混凝土造,0820827,86.22999999999999,0,0,0,有,有,2600000,,坡道平面,86.24,2600000,親友、員工或其他特殊關係間之交易。;單獨車位交易。;,RPVSMLMLQHOFFCA09CA
內湖區,房地(土地+建物)+車位,臺北市內湖區環山路二段1~30號,49.63,住,,,1080716,土地2建物1車位1,一層,五層,華廈(10層含以下有電梯),住家用,鋼筋混凝土造,1070928,108.66,0,0,0,無,無,20000000,184060,坡道平面,32.05,0,,RPRPMLNLQHOFFCA48CA
南港區,房地(土地+建物)+車位,臺北市南港區經貿二路157巷36弄91~120號,54.44,住,,,1080618,土地1建物1車位2,六層,十一層,住宅大樓(11層含以上有電梯),住家用,鋼筋混凝土造,0991202,295.34000000000003,3,2,2,有,有,46800000,158461,坡道平面,93.06,0,,RPPOMLMJQHOFFDA97CA
信義區,房地(土地+建物),臺北市信義區基隆路二段1~30號,4.45,商,,,1080701,土地5建物1車位0,三層,十二層,住宅大樓(11層含以上有電梯),商業用,鋼筋混凝土造,0690421,47.99,2,1,1,有,無,10000000,208377,,0.0,0,,RPQNMLRJQHOFFDA48CA
松山區,房地(土地+建物)+車位,臺北市松山區延壽街330巷16弄1~30號,56.68,住,,,1080710,土地1建物1車位1,五層,十一層,住宅大樓(11層含以上有電梯),住家用,鋼筋混凝土造,0980320,211.14,4,2,2,有,有,23000000,108932,坡道平面,0.0,0,親友、員工或其他特殊關係間之交易。;,RPXNMLMKQHOFFDA78CA
松山區,房地(土地+建物),臺北市松山區復興北路427巷1~30號,5.13,住,,,1080715,土地1建物1車位0,八層,十一層,套房(1房1廳1衛),住家用,鋼筋混凝土造,0971013,31.6,0,1,1,有,有,7600000,240506,,0.0,0,,RPUNMLPKQHOFFDA78CA
松山區,房地(土地+建物)+車位,臺北市松山區敦化北路1~30號,31.5,其他,,,1070228,土地2建物2車位4,二十層,二十三層,住宅大樓(11層含以上有電梯),見其他登記事項,見其他登記事項,1071126,472.39,3,2,3,有,無,214300000,610926,坡道平面,138.88,10550000,,RPPNMLLLQHOFFDA97CA
南港區,車位,臺北市南港區東明街1~30號,2.11,住,,,1080709,土地0建物0車位1,地下三層,十五層,其他,停車空間,鋼筋混凝土造,0980312,37.8,0,0,0,有,有,1500000,,坡道平面,37.8,1500000,,RPRQMLRLQHOFFDA09CA
南港區,車位,臺北市南港區東明街1~30號,2.11,住,,,1080719,土地0建物0車位1,地下三層,十五層,其他,停車空間,鋼筋混凝土造,0980312,37.8,0,0,0,有,有,1550000,,坡道平面,37.8,1550000,,RPSQMLRLQHOFFDA56CA
北投區,房地(土地+建物)+車位,臺北市北投區光明路241~270號,13.57,其他,,,1080603,土地1建物1車位1,十六層,十九層,住宅大樓(11層含以上有電梯),住家用,鋼筋混凝土造,0980818,131.7,2,1,1,有,有,17000000,129081,坡道平面,40.07,0,陽台外推,RPPOMLLJQHOFFEA97CA
士林區,車位,臺北市士林區葫東街31~60號,0.88,住,,,1080723,土地0建物0車位1,一層,十一層,其他,見其他登記事項,鋼筋混凝土造,0940513,41.76,0,0,0,有,有,2200000,,坡道平面,0.0,2200000,單獨車位交易。;,RPTOMLLJQHOFFEA38CA
北投區,房地(土地+建物)+車位,臺北市北投區長壽路1~30號,40.44,住,,,1080711,土地1建物1車位1,三層,八層,華廈(10層含以下有電梯),住家用,混凝土造,0821111,104.66,2,2,1,有,有,8380000,80069,升降機械,0.0,0,含增建或未登記建物。;,RPPPMLLJQHOFFEA08CA
北投區,房地(土地+建物),臺北市北投區溫泉路121~150號,14.5,其他,,,1080630,土地4建物1車位0,二層,七層,華廈(10層含以下有電梯),住家用,鋼筋混凝土造,0661017,55.36,1,2,1,有,有,4020000,72616,,0.0,0,,RPWNMLMJQHOFFEA68CA
士林區,車位,臺北市士林區芝玉路二段84巷1~30號,3.47,住,,,1080723,土地0建物0車位1,地下二層,十三層,其他,停車空間,鋼筋混凝土造,0890202,42.72,0,0,0,有,有,2060000,,坡道平面,0.0,2060000,單獨車位交易。;土地價格171萬元整.建物價格35萬元整,RPTOMLMJQHOFFEA48CA
北投區,土地,大屯段四小段151~180地號,3455.56,其他,,,1080627,土地1建物0車位0,,,其他,,,,0.0,0,0,0,有,無,12090000,3499,,0.0,0,,RPTOMLPJQHOFFEA78CA
士林區,房地(土地+建物),臺北市士林區重慶北路四段49巷40弄31~60號,21.21,住,,,1080629,土地2建物1車位0,四層,五層,公寓(5樓含以下無電梯),住家用,鋼筋混凝土造,0701231,78.43,2,1,1,有,無,6750000,86064,,0.0,0,,RPSNMLQJQHOFFEA68CA
北投區,房地(土地+建物),臺北市北投區石牌路一段166巷31~60號,26.0,住,,,1080618,土地1建物1車位0,二層,五層,公寓(5樓含以下無電梯),住家用,鋼筋混凝土造,0690630,90.15,2,1,2,有,無,6000000,66556,,0.0,0,親友、員工或其他特殊關係間之交易。;,RPPOMLSJQHOFFEA68CA
北投區,房地(土地+建物),臺北市北投區石牌路一段166巷31~60號,26.0,住,,,1080618,土地1建物1車位0,一層,五層,公寓(5樓含以下無電梯),住家用,鋼筋混凝土造,0690630,90.15,2,1,1,有,無,6000000,66556,,0.0,0,親友、員工或其他特殊關係間之交易。;,RPQOMLSJQHOFFEA78CA
北投區,房地(土地+建物),臺北市北投區清江路91~120號,33.0,住,,,1080707,土地1建物1車位0,三層,五層,公寓(5樓含以下無電梯),住家用,鋼筋混凝土造,0700803,111.31,1,2,2,有,無,10000000,89839,,0.0,0,含增建或未登記建物。;陽台外推,RPQPMLPJQHOFFEA58CA
士林區,房地(土地+建物),臺北市士林區中山北路七段14巷1~30號,21.81,商,,,1080713,土地1建物1車位0,六層,七層,華廈(10層含以下有電梯),住家用,鋼筋混凝土造,0681231,120.45,3,2,2,有,有,21800000,180988,,0.0,0,,RPPNMLTJQHOFFEA68CA
大安區,房地(土地+建物),臺北市大安區基隆路二段132巷1~30號,8.79,其他,,,1080616,土地1建物1車位0,二層,五層,套房(1房1廳1衛),住家用,鋼筋混凝土造,0821109,25.27,1,0,1,有,有,5780000,228730,,0.0,0,含增建或未登記建物。;,RPXNMLMJQHOFFFA88CA
大安區,房地(土地+建物),臺北市大安區通化街39巷62弄31~60號,14.17,商,,,1080624,土地3建物1車位0,三層,五層,公寓(5樓含以下無電梯),住家用,鋼筋混凝土造,0720719,62.38,2,2,1,有,無,12900000,206797,,0.0,0,含增建或未登記建物。;,RPOOMLMJQHOFFFA08CA
大安區,房地(土地+建物),臺北市大安區復興南路二段61~90號,9.57,商,,,1080704,土地1建物1車位0,六層,十二層,住宅大樓(11層含以上有電梯),住家用,鋼筋混凝土造,,115.13,3,2,2,有,有,24800000,215409,,0.0,0,含增建或未登記建物。;,RPPOMLMJQHOFFFA18CA
大安區,房地(土地+建物),臺北市大安區大安路一段181~210號,4.42,住,,,1080609,土地1建物1車位0,四層,十二層,套房(1房1廳1衛),住家用,鋼筋混凝土造,0971028,43.64,1,1,1,有,有,17300000,396425,,0.0,0,含增建或未登記建物。;,RPROMLMJQHOFFFA38CA
大安區,房地(土地+建物)+車位,臺北市大安區瑞安街208巷47弄1~30號,13.27,住,,,1080703,土地1建物1車位1,二層,六層,華廈(10層含以下有電梯),住家用,鋼筋混凝土造,0840511,94.02,2,1,1,有,有,15350000,163263,坡道平面,42.15,0,含增建或未登記建物。;,RPQOMLNKQHOFFFA48CA
大安區,土地,金華段三小段301~330地號,2.41,其他,,,1080621,土地1建物0車位0,,,其他,,,,0.0,0,0,0,有,無,123978,51443,,0.0,0,包含公共設施保留地之交易。;,RPPNMLTKQHOFFFA88CA
大安區,房地(土地+建物),臺北市大安區東豐街31~60號,36.0,住,,,1080612,土地1建物1車位0,三層,四層,公寓(5樓含以下無電梯),,加強磚造,,100.52,4,1,1,有,無,24000000,238758,,0.0,0,,RPVNMLMLQHOFFFA88CA
大安區,房地(土地+建物),臺北市大安區延吉街233巷1~30號,36.0,住,,,1080610,土地1建物1車位0,二層,七層,華廈(10層含以下有電梯),商業用,鋼筋混凝土造,,193.07,4,2,2,有,無,46720000,241985,,0.0,0,含增建或未登記建物。;,RPUNMLOLQHOFFFA98CA
文山區,房地(土地+建物)+車位,臺北市文山區木柵路一段331~360號,41.52,住,,,1080626,土地1建物1車位2,九層,十四層,住宅大樓(11層含以上有電梯),住家用,鋼筋混凝土造,0970627,244.89,4,2,2,有,有,36100000,164713,坡道機械,42.72,2800000,含增建或未登記建物。,RPQNMLNJQHOFFAA87DA
中正區,房地(土地+建物),臺北市中正區水源路1~30號,18.04,住,,,1080707,土地1建物1車位0,七層,十層,華廈(10層含以下有電梯),見其他登記事項,鋼筋混凝土造,0731117,104.86,3,2,2,有,有,15500000,147816,,0.0,0,含增建或未登記建物。,RPWOMLSJQHOFFAA09DA
中正區,房地(土地+建物),臺北市中正區廈門街113巷1~30號,33.3,住,,,1080709,土地1建物1車位0,三層,四層,公寓(5樓含以下無電梯),住家用,鋼筋混凝土造,0580731,98.76,3,1,2,有,無,12000000,121507,,0.0,0,親友、員工或其他特殊關係間之交易。;,RPVOMLTLQHOFFAA66DA
萬華區,車位,臺北市萬華區德昌街121~150號,3.66,住,,,1080722,土地0建物0車位1,地下二層,二十三層,其他,停車空間,鋼筋混凝土造,1000131,33.71,0,0,0,有,有,2650000,,坡道平面,33.71,2650000,,RPSOMLQJQHOFFBA58DA
中山區,房地(土地+建物)+車位,臺北市中山區北安路458巷47弄1~30號,32.85,住,,,1080611,土地2建物1車位1,四層,十四層,住宅大樓(11層含以上有電梯),住家用,鋼筋混凝土造,0921209,259.98,6,2,2,有,有,52000000,220962,坡道平面,35.96,2500000,含增建或未登記建物。,RPQRMLMJQHOFFCA38DA
中山區,房地(土地+建物),臺北市中山區明水路511~540號,17.13,住,,,1080506,土地1建物1車位0,九層,十五層,住宅大樓(11層含以上有電梯),住家用,鋼筋混凝土造,0821222,89.46000000000001,2,2,1,有,有,22000000,245920,,0.0,0,含增建或未登記建物。,RPQNMLNJQHOFFCA08DA
內湖區,房地(土地+建物)+車位,臺北市內湖區民權東路六段151~180號,71.01,住,,,1080626,土地2建物1車位2,四層,十層,華廈(10層含以下有電梯),住家用,鋼筋混凝土造,0950606,341.67999999999995,4,2,2,有,有,62080000,225061,坡道平面,88.06,5000000,含增建或未登記建物。,RPUSMLQJQHOFFCA66DA
中山區,房地(土地+建物),臺北市中山區長春路61~90號,10.23,商,,,1080624,土地1建物1車位0,五層,十二層,住宅大樓(11層含以上有電梯),商業用,鋼筋混凝土造,0690403,94.49,1,2,1,有,有,12000000,126998,,0.0,0,含增建或未登記建物。,RPXSMLQJQHOFFCA96DA
信義區,房地(土地+建物),臺北市信義區松德路25巷1~30號,12.65,住,,,1080625,土地2建物1車位0,十三層,十四層,住宅大樓(11層含以上有電梯),住家用,鋼筋混凝土造,0740620,111.87,3,2,2,有,有,23000000,205577,,0.0,0,親友、員工或其他特殊關係間之交易。;,RPROMLLJQHOFFDA18DA
中山區,房地(土地+建物),臺北市中山區復興北路211~240號,27.36,住,,,1080627,土地1建物1車位0,十四層,十五層,住宅大樓(11層含以上有電梯),見其他登記事項,鋼筋混凝土造,0750314,131.52,3,2,2,有,有,25600000,194647,,0.0,0,含增建或未登記建物。,RPPNMLNKQHOFFCA08DA
士林區,房地(土地+建物),臺北市士林區承德路四段2巷1~30號,27.94,住,,,1080629,土地1建物1車位0,二層,五層,公寓(5樓含以下無電梯),住家用,鋼筋混凝土造,,117.81,3,2,2,有,無,15200000,129021,,0.0,0,含增建或未登記建物。;含增建或未登記建物。,RPUPMLMJQHOFFEA78DA
士林區,房地(土地+建物),臺北市士林區中山北路七段82巷1~30號,48.88,住,,,1080618,土地1建物1車位0,四層，陽台,四層,公寓(5樓含以下無電梯),住家用,鋼筋混凝土造,0641230,123.63,6,3,3,有,無,19500000,157729,,0.0,0,含增建或未登記建物。;,RPQNMLNJQHOFFEA28DA
松山區,房地(土地+建物),臺北市松山區南京東路五段123巷4弄1~30號,41.5,住,,,1080420,土地1建物1車位0,四層,四層,公寓(5樓含以下無電梯),住家用,鋼筋混凝土造,0550406,120.21,3,2,2,有,無,20000000,166376,,0.0,0,含增建或未登記建物。,RPPNMLNKQHOFFDA18DA
大安區,房地(土地+建物),臺北市大安區羅斯福路三段283巷29弄1~30號,19.62,住,,,1080601,土地1建物1車位0,五層,七層,華廈(10層含以下有電梯),住家用,鋼筋混凝土造,,109.59,3,2,3,有,無,25000000,228123,,0.0,0,含增建或未登記建物。;,RPQNMLOJQHOFFFA48DA
大安區,房地(土地+建物),臺北市大安區信義路二段61~90號,3.74,商,,,1080706,土地1建物1車位0,八層,十一層,套房(1房1廳1衛),商業用,鋼筋混凝土造,0860317,35.25,1,1,1,有,有,11500000,326241,,0.0,0,含增建或未登記建物。,RPQNMLRKQHOFFFA88DA
北投區,房地(土地+建物),臺北市北投區中央北路二段211~240號,11.68,住,,,1080725,土地3建物2車位0,全,二層,透天厝,住家用,加強磚造,0560101,14.0,3,2,2,有,無,1814000,129571,,0.0,0,親友、員工或其他特殊關係間之交易。;,RPUOMLOJRHOFFEA98DA
北投區,房地(土地+建物),臺北市北投區行義路186巷26弄1~30號,22.7,住,,,1080629,土地1建物1車位0,四層,七層,華廈(10層含以下有電梯),住家用,鋼筋混凝土造,0750116,124.71000000000001,3,2,2,有,無,14150000,113463,,0.0,0,含增建或未登記建物。,RPPOMLPJQHOFFEA48DA
信義區,土地,三興段一小段1111~1140地號,5.92,商,,,1080713,土地8建物0車位0,,,其他,,,,0.0,0,0,0,有,無,3653858,617206,,0.0,0,,RPTOMLNKQHOFFDA68DA
信義區,房地(土地+建物),臺北市信義區崇德街60巷1~30號,26.31,住,,,1080531,土地1建物1車位0,四層,七層,華廈(10層含以下有電梯),住家用,鋼筋混凝土造,0820724,152.5,4,2,2,有,有,25100000,164590,,0.0,0,含增建或未登記建物。,RPUQMLNKQHOFFDA98DA
南港區,房地(土地+建物),臺北市南港區忠孝東路七段601~630號,29.17,商,,,1080514,土地2建物1車位0,五層,五層,公寓(5樓含以下無電梯),住家用,鋼筋混凝土造,0710630,135.94,3,1,1,有,無,15200000,111814,,0.0,0,含增建或未登記建物。權利人等二人。,RPVQMLNKQHOFFDA09DA
南港區,車位,臺北市南港區忠孝東路六段1~30號,3.18,商,,,1080722,土地0建物0車位1,地下四層,十七層,其他,停車空間,見其他登記事項,0931216,39.83,0,0,0,有,有,2050000,,坡道平面,39.83,2050000,,RPQQMLMJQHOFFDA38DA
南港區,土地,玉成段五小段1~30地號,133.12,住,,,1010425,土地1建物0車位0,,,其他,,,,0.0,0,0,0,有,無,54000000,405649,,0.0,0,親友、員工或其他特殊關係間之交易。;,RPTOMLQJQHOFFDA88DA
中山區,房地(土地+建物),臺北市中山區長安東路二段151~180號,6.94,商,,,1080605,土地1建物1車位0,十四層,十四層,住宅大樓(11層含以上有電梯),住家用,見其他登記事項,1050411,81.85,4,2,1,有,有,24760000,302505,,0.0,0,,RPVSMLQJQHOFFCA76DA
萬華區,房地(土地+建物),臺北市萬華區峨眉街91~120號,3.2,商,,,1080714,土地1建物1車位0,二層,十一層,辦公商業大樓,見其他登記事項,鋼筋混凝土造,0950126,32.0,1,2,1,有,有,8100000,253125,,0.0,0,含增建或未登記建物。,RPTOMLPJQHOFFBA58DA
大安區,房地(土地+建物),臺北市大安區仁愛路四段361~390號,8.6,其他,,,1080701,土地1建物1車位0,十二層,十四層,辦公商業大樓,住家用,鋼筋混凝土造,,77.12,0,0,0,無,有,18500000,239886,,0.0,0,親友、員工或其他特殊關係間之交易。;共有人間持分買賣,RPUOMLKMQHOFFFA78CA
大安區,房地(土地+建物)+車位,臺北市大安區杭州南路二段61~90號,34.35,住,,,1080621,土地1建物1車位1,三層,七層,華廈(10層含以下有電梯),住家用,鋼筋混凝土造,1080430,152.1,3,2,2,有,無,45000000,295858,升降機械,0.0,2500000,,RPVOMLKMQHOFFFA88CA
大安區,車位,臺北市大安區和平東路一段188巷1~30號,0.03,住,,,1080725,土地0建物0車位1,一層,七層,其他,見其他登記事項,鋼筋混凝土造,0980810,16.14,0,0,0,有,有,1250000,,坡道機械,16.14,1250000,,RPQNMLTKQHOFFFA98CA
士林區,房地(土地+建物),臺北市士林區中山北路七段141巷14弄1~30號,8.44,住,,,1080617,土地1建物1車位0,五層,五層,公寓(5樓含以下無電梯),住家用,鋼筋混凝土造,0680803,25.270000000000003,3,2,2,有,無,4000000,158290,,0.0,0,親友、員工或其他特殊關係間之交易。;,RPUPMLQLQHOFFEA66CA
北投區,土地,軟橋段61~90地號,664.23,住,,,1080715,土地1建物0車位0,,,其他,,,,0.0,0,0,0,有,無,331535487,499128,,0.0,0,,RPPOMLTKQHOFFEA88CA
北投區,房地(土地+建物),臺北市北投區崗山路8巷1~30號,20.91,住,,,1080601,土地1建物1車位0,二層,七層,華廈(10層含以下有電梯),住家用,鋼筋混凝土造,1080415,82.38,2,2,1,有,無,11500000,139597,,0.0,0,,RPSOMLKLQHOFFEA38CA
大安區,房地(土地+建物),臺北市大安區忠孝東路四段181巷7弄1~30號,19.78,住,,,1080620,土地1建物1車位0,七層,七層,華廈(10層含以下有電梯),住家用,鋼筋混凝土造,0571026,89.71000000000001,3,2,2,有,有,19900000,221826,,0.0,0,,RPOOMLQJQHOFFFA48CA
大安區,土地,復興段二小段271~300地號,48.0,其他,,,1080723,土地1建物0車位0,,,其他,,,,0.0,0,0,0,有,無,2555600,53242,,0.0,0,親友、員工或其他特殊關係間之交易。;包含公共設施保留地之交易。;,RPOPMLMJQHOFFFA18CA
北投區,房地(土地+建物),臺北市北投區中華街1~30號,53.25,住,,,1080712,土地2建物1車位0,三層,四層,公寓(5樓含以下無電梯),住家用,鋼筋混凝土造,0670130,138.99,3,2,2,有,無,10000000,71948,,0.0,0,,RPPPMLOKQHOFFEA48CA
北投區,房地(土地+建物)+車位,臺北市北投區中央北路四段451~480號,141.99,住,,,1080626,土地1建物1車位1,全,四層,透天厝,見其他登記事項,鋼筋混凝土造,0950927,301.44,4,2,4,有,有,37600000,124735,坡道平面,41.06,0,,RPTPMLOKQHOFFEA88CA
北投區,房地(土地+建物),臺北市北投區中央北路四段421~450號,35.17,住,,,1080722,土地1建物1車位0,四層,五層,公寓(5樓含以下無電梯),住家用,鋼筋混凝土造,0730214,134.02,3,1,2,有,無,5000000,37308,,0.0,0,親友、員工或其他特殊關係間之交易。;二親等間買賣,RPPNMLNKQHOFFEA18CA
北投區,房地(土地+建物),臺北市北投區致遠二路91~120號,19.0,住,,,1080625,土地1建物1車位0,二層,四層,公寓(5樓含以下無電梯),住家用,鋼筋混凝土造,0610211,70.8,3,2,1,有,無,8000000,112994,,0.0,0,親友、員工或其他特殊關係間之交易。;,RPQNMLOKQHOFFEA38CA
士林區,房地(土地+建物),臺北市士林區德行西路91~120號,32.79,住,,,1080614,土地1建物1車位0,三層,五層,公寓(5樓含以下無電梯),住家用,鋼筋混凝土造,0680122,112.28,3,2,2,有,無,16800000,149626,,0.0,0,親友、員工或其他特殊關係間之交易。;,RPQPMLMJQHOFFEA28CA
士林區,土地,溪洲段二小段211~240地號,84.07,住,,,1080722,土地1建物0車位0,,,其他,,,,0.0,0,0,0,有,無,4323000,51421,,0.0,0,,RPSNMLPJQHOFFEA58CA
松山區,房地(土地+建物),臺北市松山區南京東路四段179巷3弄1~30號,20.46,住,,,1080703,土地1建物1車位0,二層,七層,華廈(10層含以下有電梯),住家用,鋼筋混凝土造,0720701,120.61000000000001,3,1,2,有,無,24500000,203134,,0.0,0,,RPPNMLQKQHOFFDA38CA
信義區,房地(土地+建物),臺北市信義區永吉路120巷27弄1~30號,15.07,住,,,1080617,土地1建物1車位0,八層,八層,套房(1房1廳1衛),見其他登記事項,鋼筋混凝土造,1070328,62.42,1,1,1,有,有,20000000,320410,,0.0,0,,RPWOMLKLQHOFFDA68CA
信義區,房地(土地+建物),臺北市信義區永吉路225巷3弄1~30號,96.0,住,,,1080621,土地2建物1車位0,全,二層,透天厝,住家用,加強磚造,0510728,74.02,5,2,2,有,無,35000000,472845,,0.0,0,含增建或未登記建物。;,RPUPMLKLQHOFFDA58CA
信義區,房地(土地+建物)+車位,臺北市信義區吳興街600巷121~150號,35.88,住,,,1080627,土地1建物1車位2,四層,十九層,住宅大樓(11層含以上有電梯),住家用,鋼筋混凝土造,0990122,235.45,3,2,2,有,無,41000000,174135,坡道機械,39.24,0,,RPORMLQJQHOFFDA58CA
南港區,房地(土地+建物),臺北市南港區重陽路504巷1弄1~30號,21.07,住,,,1080613,土地2建物1車位0,一層,五層,公寓(5樓含以下無電梯),工業用,鋼筋混凝土造,,66.35,2,2,1,有,無,12000000,180859,,0.0,0,親友、員工或其他特殊關係間之交易。;,RPRSMLQJQHOFFDA98CA
內湖區,房地(土地+建物)+車位,臺北市內湖區新豐街61~90號,42.7,住,,,1071001,土地1建物1車位1,二層,八層,華廈(10層含以下有電梯),住家用,鋼筋混凝土造,1080530,186.5,3,2,2,有,有,36280000,212360,其他,21.78,1300000,預售屋雨遮不計價。,RPSPMLTKQHOFFCA09CA
信義區,房地(土地+建物),臺北市信義區基隆路二段1~30號,2.81,商,,,1080623,土地6建物1車位0,七層,十二層,套房(1房1廳1衛),商業用,鋼筋混凝土造,0780905,33.260000000000005,1,1,1,有,有,7800000,234516,,0.0,0,,RPPQMLPJQHOFFDA48CA
信義區,房地(土地+建物),臺北市信義區松山路571~600號,32.25,住,,,1080709,土地1建物1車位0,四層,四層,公寓(5樓含以下無電梯),住商用,加強磚造,0571024,87.34,5,0,5,有,無,15000000,171743,,0.0,0,含增建或未登記建物。;,RPQNMLNJQHOFFDA08CA
松山區,房地(土地+建物),臺北市松山區南京東路四段133巷9弄1~30號,9.63,住,,,1080614,土地1建物1車位0,七層,七層,套房(1房1廳1衛),住家用,鋼筋混凝土造,0970708,39.7,1,1,1,有,無,9090000,228967,,0.0,0,含增建或未登記建物。;,RPSNMLNJQHOFFDA28CA
松山區,房地(土地+建物)+車位,臺北市松山區三民路43巷1~30號,47.09,住,,,1080628,土地1建物1車位1,四層,十二層,住宅大樓(11層含以上有電梯),住家用,鋼筋混凝土造,0931020,244.79,3,2,2,有,有,42800000,174844,坡道平面,0.0,0,,RPWNMLPJQHOFFDA88CA
內湖區,土地,文德段五小段361~390地號,542.27,工,,,1080719,土地1建物0車位0,,,其他,,,,0.0,0,0,0,有,無,105000000,193630,,0.0,0,,RPWPMLTLQHOFFCA96CA
中山區,房地(土地+建物),臺北市中山區民生東路一段31~60號,13.35,商,,,1080213,土地1建物1車位0,十一層,十二層,辦公商業大樓,住商用,鋼筋混凝土造,0661109,107.11999999999999,0,0,0,無,有,16848000,157267,,0.0,0,,RPQQMLKMQHOFFCA28CA
內湖區,房地(土地+建物)+車位,臺北市內湖區民權東路六段123巷43弄31~60號,160.81,住,,,1080330,土地1建物1車位2,全,四層,透天厝,見使用執照,鋼筋混凝土造,0870923,291.87,5,2,4,有,無,47000000,161031,一樓平面,0.0,0,含增建或未登記建物。;,RPTNMLMJRHOFFCA28CA
內湖區,車位,臺北市內湖區成功路四段151~180號,0.41,其他,,,1080301,土地0建物0車位1,,,其他,,,,29.1,0,0,0,有,有,2400000,,坡道平面,29.1,2400000,,RPWQMLMJRHOFFCA88CA
內湖區,房地(土地+建物),臺北市內湖區內湖路一段91巷23弄1~30號,49.36,工,,,1080527,土地4建物1車位0,三層,四層,廠辦,工業用,鋼筋混凝土造,0761207,202.14,3,2,2,有,有,20220000,100030,,0.0,0,,RPTSMLRLQHOFFCA76CA
中山區,房地(土地+建物),臺北市中山區明水路397巷7弄31~60號,16.5,住,,,1080605,土地1建物1車位0,六層,七層,華廈(10層含以下有電梯),住家用,鋼筋混凝土造,0810618,49.980000000000004,2,1,1,有,有,6500000,130052,,0.0,0,親友、員工或其他特殊關係間之交易。;,RPWPMLNKQHOFFCA88CA
中山區,房地(土地+建物)+車位,臺北市中山區明水路397巷7弄1~30號,23.85,住,,,1080614,土地1建物1車位2,六層,十二層,住宅大樓(11層含以上有電梯),住家用,鋼筋混凝土造,0880125,134.78,3,2,3,有,有,22000000,163241,坡道平面,34.15,0,親友、員工或其他特殊關係間之交易。;,RPQPMLOKQHOFFCA38CA
中山區,房地(土地+建物),臺北市中山區林森北路241~270號,6.29,商,,,1080614,土地2建物1車位0,七層,十二層,住宅大樓(11層含以上有電梯),住家用,鋼筋混凝土造,0710707,75.55,1,1,1,有,有,12500000,165475,,0.0,0,,RPURMLSJQHOFFCA66CA
中山區,房地(土地+建物),臺北市中山區新生北路二段149巷1~30號,18.8,住,,,1080601,土地2建物1車位0,三層,五層,公寓(5樓含以下無電梯),住家用,鋼筋混凝土造,0690819,67.47,2,1,1,有,無,10500000,155625,,0.0,0,,RPUNMLMKQHOFFCA38CA
中山區,房地(土地+建物),臺北市中山區龍江路415巷31~60號,26.47,住,,,1080620,土地1建物1車位0,一層,五層,公寓(5樓含以下無電梯),住商用,鋼筋混凝土造,0720107,102.38,3,2,2,有,無,24000000,234421,,0.0,0,,RPQOMLMKQHOFFCA08CA
中山區,房地(土地+建物),臺北市中山區林森北路391~420號,1.97,商,,,1080711,土地1建物1車位0,三層,十二層,套房(1房1廳1衛),商業用,鋼筋混凝土造,0710531,19.95,1,0,1,有,有,2720000,136341,,0.0,0,,RPUQMLRJQHOFFCA09CA
中山區,車位,臺北市中山區民權東路三段1~30號,1.08,商,,,1080723,土地0建物0車位1,地下三層,二十層,其他,見使用執照,鋼筋混凝土造,0800325,30.01,0,0,0,有,有,2450000,,坡道平面,30.01,2450000,,RPSOMLNKQHOFFCA38CA
中山區,房地(土地+建物),臺北市中山區新生北路二段91~120號,2.77,商,,,1080719,土地2建物1車位0,十一層,十二層,套房(1房1廳1衛),住家用,鋼筋混凝土造,0711224,32.33,1,1,1,有,有,4300000,133003,,0.0,0,,RPVRMLQJQHOFFCA56CA
大同區,房地(土地+建物),臺北市大同區寧夏路31~60號,3.11,商,,,1080617,土地1建物1車位0,十一層,十一層,套房(1房1廳1衛),住家用,鋼筋混凝土造,0711224,31.82,0,0,0,無,有,5000000,157134,,0.0,0,,RPOPMLKLQHOFFBA77CA
大同區,土地,雙連段二小段91~120地號,47.0,住,,,1080613,土地1建物0車位0,,,其他,,,,0.0,0,0,0,有,無,18400000,391489,,0.0,0,含增建或未登記建物。;,RPSOMLLLQHOFFBA18CA
大同區,房地(土地+建物),臺北市大同區蘭州街124巷1~30號,21.88,住,,,1080704,土地1建物1車位0,四層,四層,公寓(5樓含以下無電梯),住家用,鋼筋混凝土造,0660201,68.21,3,2,2,有,無,8450000,123882,,0.0,0,,RPOOMLKMQHOFFBA77CA
中正區,房地(土地+建物),臺北市中正區杭州南路一段1~30號,200.18,住,,,1080610,土地2建物2車位0,二層,二十二層,辦公商業大樓,商業用,鋼筋混凝土造,0810921,1290.44,0,0,0,無,有,286800000,222250,,0.0,0,,RPWNMLTKQHOFFBA56CA
中正區,房地(土地+建物),臺北市中正區延平南路61~90號,4.19,商,,,1080706,土地6建物1車位0,八層,九層,套房(1房1廳1衛),住家用,鋼筋混凝土造,0690902,34.89,1,0,1,有,有,6250000,179134,,0.0,0,含增建或未登記建物。;,RPQNMLPKQHOFFBA18CA
中山區,房地(土地+建物),臺北市中山區通北街65巷2弄1~30號,43.2,住,,,1080622,土地2建物1車位0,七層,九層,華廈(10層含以下有電梯),見其他登記事項,鋼筋混凝土造,0831008,163.75,4,2,2,有,有,27680000,169038,,0.0,0,含增建或未登記建物。;,RPXQMLMJQHOFFCA88CA
內湖區,房地(土地+建物),臺北市內湖區內湖路一段217巷61~90號,34.15,住,,,1080622,土地1建物1車位0,二層,七層,華廈(10層含以下有電梯),住家用,鋼筋混凝土造,0721117,105.61,3,2,2,有,有,16660000,157750,,0.0,0,含增建或未登記建物。;,RPORMLMJQHOFFCA08CA
中山區,房地(土地+建物),臺北市中山區新生北路三段31~60號,5.1,商,,,1080616,土地1建物1車位0,五層,十二層,住宅大樓(11層含以上有電梯),商業用,鋼筋混凝土造,0711209,56.8,2,1,1,有,有,10000000,176056,,0.0,0,含增建或未登記建物。;,RPPRMLMJQHOFFCA18CA
中山區,房地(土地+建物),臺北市中山區新生北路二段91~120號,2.77,商,,,1080722,土地2建物1車位0,十一層,十二層,套房(1房1廳1衛),住家用,鋼筋混凝土造,0711224,32.33,1,1,1,有,有,4300000,133003,,0.0,0,,RPQPMLPJQHOFFCA38CA
中山區,房地(土地+建物),臺北市中山區民權西路61~90號,16.42,商,,,1060214,土地1建物1車位0,十三層,十五層,住宅大樓(11層含以上有電梯),見其他登記事項,鋼筋混凝土造,1061031,197.58999999999997,0,0,2,有,有,68712500,347753,,0.0,0,預售屋,RPPNMLQJQHOFFCA18CA
中山區,房地(土地+建物)+車位,臺北市中山區民權西路61~90號,11.66,商,,,1060214,土地1建物1車位2,十三層,十五層,住宅大樓(11層含以上有電梯),見其他登記事項,鋼筋混凝土造,1061031,216.11,0,0,1,有,有,60793500,347505,坡道平面,54.98,4800000,預售屋,SPPNMLQJQHOFFCA28CA
中山區,車位,臺北市中山區撫順街1~30號,0.3,商,,,1060214,土地0建物0車位2,一層,十五層,其他,見其他登記事項,鋼筋混凝土造,1061031,55.08,0,0,0,有,有,5200000,,坡道平面,54.98,5200000,預售屋,TPPNMLQJQHOFFCA38CA
大同區,房地(土地+建物),臺北市大同區迪化街一段61~90號,61.6,其他,,,1080507,土地4建物2車位0,全,二層,透天厝,,磚造,,131.03,8,5,7,有,無,25000000,190796,,0.0,0,親友、員工或其他特殊關係間之交易。;,RPQNMLQJQHOFFBA18CA
大同區,房地(土地+建物),臺北市大同區迪化街一段61~90號,61.6,其他,,,1080507,土地4建物2車位0,全,二層,透天厝,,磚造,,131.03,8,5,7,有,無,25000000,190796,,0.0,0,親友、員工或其他特殊關係間之交易。;,RPRNMLQJQHOFFBA28CA
萬華區,房地(土地+建物),臺北市萬華區成都路91~120號,4.68,商,,,1080711,土地1建物1車位0,七層,十四層,住宅大樓(11層含以上有電梯),住家用,鋼筋混凝土造,0961025,49.72,1,1,1,有,有,8450000,169952,,0.0,0,含增建或未登記建物。;,RPUNMLPJQHOFFBA48CA
大同區,房地(土地+建物),臺北市大同區酒泉街50巷1~30號,40.25,住,,,1080702,土地2建物1車位0,四層，陽台,四層,公寓(5樓含以下無電梯),住家用,鋼筋混凝土造,0610506,112.17,0,0,0,無,無,12000000,106980,,0.0,0,含增建或未登記建物。;,RPVPMLMJQHOFFBA48CA
文山區,車位,臺北市文山區福興路106巷28弄1~30號,0.31,住,,,1080719,土地0建物0車位1,十三層,十三層,其他,住家用,鋼筋混凝土造,0981202,36.580000000000005,0,0,0,有,有,1450000,,坡道平面,36.58,1450000,,RPTNMLKMQHOFFAA08CA
文山區,車位,臺北市文山區福興路106巷28弄1~30號,0.31,住,,,1080723,土地0建物0車位1,十三層,十三層,其他,住家用,鋼筋混凝土造,0981202,36.580000000000005,0,0,0,有,有,1450000,,坡道平面,36.58,1450000,,RPUNMLKMQHOFFAA18CA
中正區,車位,臺北市中正區羅斯福路三段1~30號,0.69,商,,,1080327,土地0建物0車位1,地下一層，地下二層,二十四層,其他,停車空間,鋼骨鋼筋混凝土造,1060425,33.47,0,0,0,有,有,3200000,,坡道平面,33.46,3200000,,RPVNMLQLQHOFFAA78CA
中正區,車位,臺北市中正區羅斯福路三段1~30號,0.69,商,,,1080327,土地0建物0車位1,地下一層，地下二層,二十四層,其他,停車空間,鋼骨鋼筋混凝土造,1060425,33.47,0,0,0,有,有,3200000,,坡道平面,33.46,3200000,,RPWNMLQLQHOFFAA88CA
文山區,房地(土地+建物)+車位,臺北市文山區興隆路二段233巷5弄1~30號,28.52,住,,,1080618,土地2建物1車位1,六層,九層,華廈(10層含以下有電梯),住家用,鋼筋混凝土造,0981118,124.69,3,2,2,有,有,18800000,150774,坡道機械,0.0,0,,RPOOMLNKQHOFFAA77CA
文山區,房地(土地+建物),臺北市文山區興隆路一段211~240號,40.5,住,,,1080710,土地1建物1車位0,四層，陽台,四層,公寓(5樓含以下無電梯),住家用,鋼筋混凝土造,,107.1,2,2,1,有,無,12000000,112045,,0.0,0,親友、員工或其他特殊關係間之交易。;含增建或未登記建物。;共有人3人本買賣含頂樓增建一併移轉,RPQOMLRJQHOFFAA28CA
中正區,車位,臺北市中正區南海路31~60號,0.38,住,,,1080716,土地0建物0車位2,地下三層,七層,其他,停車空間,鋼筋混凝土造,0961017,33.760000000000005,0,0,0,有,有,1500000,,升降機械,33.76,1500000,,RPRNMLSJQHOFFAA38CA
文山區,房地(土地+建物),臺北市文山區景明街1~30號,39.75,住,,,1070731,土地1建物1車位0,三層,四層,公寓(5樓含以下無電梯),住家用,鋼筋混凝土造,0601205,99.66,3,2,1,有,無,12600000,126430,,0.0,0,,RPSNMLSJQHOFFAA48CA
文山區,房地(土地+建物),臺北市文山區景興路241~270號,3.18,商,,,1080710,土地1建物1車位0,十一層,十五層,套房(1房1廳1衛),住家用,鋼筋混凝土造,0981028,37.1,1,1,1,有,有,6300000,169811,,0.0,0,含增建或未登記建物。;,RPSNMLQJQHOFFAA28CA
中正區,房地(土地+建物)+車位,臺北市中正區羅斯福路三段151~180號,20.72,商,,,1080614,土地4建物1車位2,六層,十九層,住宅大樓(11層含以上有電梯),見其他登記事項,鋼骨鋼筋混凝土造,1050126,295.34000000000003,4,2,3,有,有,78950000,322103,坡道平面,68.86,6000000,,RPTNMLPJQHOFFAA28CA
中正區,土地,河堤段三小段691~720地號,33.33,其他,,,1080725,土地1建物0車位0,,,其他,,,,0.0,0,0,0,有,無,1350000,40504,,0.0,0,,RPPNMLQJQHOFFAA97CA
中正區,房地(土地+建物),臺北市中正區汀州路一段301~330號,22.0,住,,,1080518,土地1建物1車位0,八層,八層,華廈(10層含以下有電梯),住家用,鋼筋混凝土造,0780508,173.48999999999998,5,2,3,有,有,26000000,149865,,0.0,0,含增建或未登記建物。,RPTNMLQJQHOFFAA38CA
文山區,房地(土地+建物),臺北市文山區興隆路三段61~90號,11.54,商,,,1080708,土地2建物1車位0,四層，電梯樓梯間,十一層,套房(1房1廳1衛),住家用,鋼筋混凝土造,0851030,37.43,1,1,1,有,無,6250000,166978,,0.0,0,,RPVNMLQJQHOFFAA58CA
文山區,房地(土地+建物)+車位,臺北市文山區木柵路二段109巷100弄61~90號,73.51,住,,,1080614,土地2建物1車位1,二層,十七層,住宅大樓(11層含以上有電梯),住家用,鋼筋混凝土造,0850925,123.11,3,2,2,有,有,13800000,112095,坡道機械,13.67,0,含增建或未登記建物。;,RPUNMLRJQHOFFAA58CA
文山區,土地,頭廷段一小段31~60地號,1539.12,其他,,,1080725,土地7建物0車位0,,,其他,,,,0.0,0,0,0,有,無,6000000,3898,,0.0,0,,RPVPMLMKQHOFFAA48CA
文山區,房地(土地+建物)+車位,臺北市文山區辛亥路六段21巷31~60號,136.9,住,,,1080622,土地8建物2車位1,十五層,十九層,住宅大樓(11層含以上有電梯),住家用,鋼筋混凝土造,0880809,345.03999999999996,0,0,0,無,有,45000000,130420,坡道平面,34.99,0,,RPTNMLTKQHOFFAA78CA
文山區,房地(土地+建物),臺北市文山區仙岩路58巷1~30號,32.1,住,,,1080530,土地1建物1車位0,四層,五層,公寓(5樓含以下無電梯),住家用,鋼筋混凝土造,,113.92,3,2,3,有,無,14500000,127282,,0.0,0,含增建或未登記建物。;,RPQNMLKLQHOFFAA67CA
文山區,土地,頭廷段二小段331~360地號,1.0,其他,,,1080722,土地1建物0車位0,,,其他,,,,0.0,0,0,0,有,無,6084,0,,0.0,0,,RPQOMLMJRHOFFAA87CA
萬華區,房地(土地+建物),臺北市萬華區萬大路423巷63弄1~30號,23.14,住,,,1080705,土地1建物1車位0,四層,五層,公寓(5樓含以下無電梯),住家用,鋼筋混凝土造,0731203,87.86,3,2,1,有,無,10500000,119508,,0.0,0,,RPQOMLPJQHOFFBA18CA
萬華區,房地(土地+建物),臺北市萬華區富民路145巷1~30號,26.54,住,,,1080714,土地1建物1車位0,三層,四層,公寓(5樓含以下無電梯),住家用,鋼筋混凝土造,0630704,82.52,2,1,1,有,無,8000000,96946,,0.0,0,親友、員工或其他特殊關係間之交易。;,RPRNMLPJQHOFFBA18CA
萬華區,房地(土地+建物),臺北市萬華區東園街28巷31~60號,36.45,住,,,1080624,土地1建物1車位0,全,二層,透天厝,,加強磚造,,55.63,7,3,5,有,無,7560000,135898,,0.0,0,親友、員工或其他特殊關係間之交易。;含增建或未登記建物。;,RPQOMLQJQHOFFBA28CA
萬華區,房地(土地+建物),臺北市萬華區長泰街151~180號,15.98,住,,,1080720,土地1建物1車位0,三層,四層,公寓(5樓含以下無電梯),住家用,鋼筋混凝土造,0670201,45.38,4,1,2,有,無,2500000,55102,,0.0,0,親友、員工或其他特殊關係間之交易。;,RPSNMLRJQHOFFBA48CA
萬華區,房地(土地+建物),臺北市萬華區長泰街151~180號,15.98,住,,,1080720,土地1建物1車位0,三層,四層,公寓(5樓含以下無電梯),住家用,鋼筋混凝土造,0670201,45.38,4,1,2,有,無,2500000,55102,,0.0,0,親友、員工或其他特殊關係間之交易。;,RPTNMLRJQHOFFBA58CA
萬華區,房地(土地+建物),臺北市萬華區成都路151~180號,3.05,商,,,1080708,土地2建物1車位0,八層,十四層,套房(1房1廳1衛),住家用,鋼筋混凝土造,0960622,40.79,1,1,1,有,有,6660000,163275,,0.0,0,含增建或未登記建物。;,RPQOMLSJQHOFFBA48CA
大同區,車位,臺北市大同區承德路二段61~90號,1.05,住,,,1080705,土地0建物0車位3,地下二層，地下三層，地下四層,十六層,其他,見使用執照,鋼筋混凝土造,0820914,35.97,0,0,0,有,有,1350000,,坡道機械,0.0,1350000,親友、員工或其他特殊關係間之交易。;,RPTOMLSJQHOFFBA78CA
大同區,車位,臺北市大同區承德路二段61~90號,2.8,住,,,1080705,土地0建物0車位8,地下二層，地下三層，地下四層,十六層,其他,見使用執照,鋼筋混凝土造,0820914,95.93,0,0,0,有,有,1650000,,坡道機械,0.0,1650000,親友、員工或其他特殊關係間之交易。;,RPUOMLSJQHOFFBA88CA
萬華區,房地(土地+建物),臺北市萬華區西昌街29巷18弄1~30號,17.64,住,,,1080627,土地2建物1車位0,五層,五層,公寓(5樓含以下無電梯),住家用,鋼筋混凝土造,0780121,63.76,2,1,1,有,無,5200000,81556,,0.0,0,親友、員工或其他特殊關係間之交易。;,RPROMLMKQHOFFBA08CA
內湖區,房地(土地+建物),臺北市內湖區內湖路一段323巷1~30號,26.24,住,,,1080630,土地3建物1車位0,三層,五層,公寓(5樓含以下無電梯),住家用,鋼筋混凝土造,0701214,97.55,3,2,1,有,無,14750000,151205,,0.0,0,,RPTOMLQJQHOFFCA68CA
內湖區,房地(土地+建物)+車位,臺北市內湖區新明路428巷1~30號,13.08,住,,,1080629,土地1建物1車位1,十九層,二十層,住宅大樓(11層含以上有電梯),住家用,鋼筋混凝土造,1080506,112.88,2,1,1,有,有,19430000,172130,坡道平面,32.36,0,,RPUOMLQJQHOFFCA78CA
大同區,房地(土地+建物),臺北市大同區重慶北路二段151~180號,9.65,商,,,1061227,土地1建物1車位0,四層,十五層,住宅大樓(11層含以上有電梯),住家用,鋼筋混凝土造,1080529,97.41999999999999,2,1,1,有,有,18000000,184767,,0.0,0,,RPRNMLOKQHOFFBA18CA
中正區,房地(土地+建物)+車位,臺北市中正區仁愛路二段8巷1~30號,52.1,商,,,1080716,土地2建物1車位3,六層,十四層,住宅大樓(11層含以上有電梯),住家用,鋼筋混凝土造,1060411,630.9,0,0,0,無,有,160000000,303176,坡道平面,132.84,9000000,本案為毛胚屋。,RPQOMLOKQHOFFBA18CA
中山區,房地(土地+建物),臺北市中山區龍江路21巷1~30號,30.0,商,,,1080703,土地2建物1車位0,二層,四層,公寓(5樓含以下無電梯),住家用,鋼筋混凝土造,0660509,85.83,3,2,1,有,無,16000000,186415,,0.0,0,,RPSPMLQJQHOFFCA68CA
大同區,房地(土地+建物),臺北市大同區延平北路二段31~60號,13.98,其他,,,1080531,土地5建物1車位0,三層,十一層,住宅大樓(11層含以上有電梯),商業用,鋼筋混凝土造,0661028,135.06,3,2,2,有,有,8754421,64819,,0.0,0,親友、員工或其他特殊關係間之交易。;,RPVOMLLLQHOFFBA48CA
萬華區,房地(土地+建物),臺北市萬華區中華路二段130巷31~60號,61.0,住,,,1080624,土地1建物1車位0,全,三層,透天厝,,加強磚造,,115.97,5,2,4,有,無,16500000,142278,,0.0,0,,RPOOMLRLQHOFFBA38CA
中山區,房地(土地+建物),臺北市中山區吉林路393巷1~30號,29.5,住,,,1080705,土地1建物1車位0,一層,四層,公寓(5樓含以下無電梯),住家用,鋼筋混凝土造,0610910,78.75,4,2,2,有,無,19100000,242540,,0.0,0,,RPXNMLRJQHOFFCA09CA
中山區,房地(土地+建物)+車位,臺北市中山區新生北路三段56巷1~30號,13.32,商,,,1080707,土地1建物1車位1,八層,十三層,住宅大樓(11層含以上有電梯),住家用,鋼筋混凝土造,0981021,123.28999999999999,2,2,1,有,有,20200000,163841,坡道平面,41.71,0,,RPSNMLNKQHOFFCA28CA
內湖區,房地(土地+建物),臺北市內湖區內湖路二段103巷119弄61~90號,19.52,住,,,1080620,土地2建物1車位0,十三層，十四層,十四層,住宅大樓(11層含以上有電梯),住家用,鋼筋混凝土造,0720331,152.98,2,2,2,有,有,18800000,122892,,0.0,0,,RPPNMLMKQHOFFCA87CA
內湖區,車位,臺北市內湖區民權東路六段180巷61~90號,0.38,住,,,1080718,土地0建物0車位1,,,其他,,,,13.85,0,0,0,有,無,1650000,,坡道機械,13.85,1650000,,RPQNMLMKQHOFFCA97CA
內湖區,房地(土地+建物)+車位,臺北市內湖區文湖街21巷91弄1~30號,22.63,住,,,1080124,土地1建物1車位1,六層,十層,華廈(10層含以下有電梯),住家用,鋼筋混凝土造,1070105,105.46000000000001,2,1,1,有,有,24887000,235985,升降機械,0.0,0,,RPRNMLPKQHOFFCA38CA
中山區,房地(土地+建物),臺北市中山區林森北路259巷1~30號,6.9,商,,,1080515,土地1建物1車位0,三層,七層,華廈(10層含以下有電梯),商業用,鋼筋混凝土造,0730922,41.96,1,1,1,有,有,6480000,154433,,0.0,0,親友、員工或其他特殊關係間之交易。;,RPUQMLPKQHOFFCA98CA
中山區,房地(土地+建物),臺北市中山區民生東路一段31~60號,16.47,商,,,1080705,土地1建物1車位0,十層,十二層,住宅大樓(11層含以上有電梯),住家用,鋼筋混凝土造,0740706,175.67,3,2,2,有,有,24710000,140661,,0.0,0,,RPUNMLQKQHOFFCA78CA
中山區,房地(土地+建物),臺北市中山區中山北路三段1~30號,56.28,商,,,1080503,土地2建物5車位0,六層,十一層,辦公商業大樓,住家用,鋼筋混凝土造,0660315,520.36,0,0,2,有,有,79500000,152779,,0.0,0,,RPPOMLQKQHOFFCA38CA
中山區,房地(土地+建物),臺北市中山區興安街61~90號,12.31,住,,,1080712,土地1建物1車位0,二層,十四層,住宅大樓(11層含以上有電梯),見其他登記事項,鋼筋混凝土造,0750314,61.67,2,1,1,有,有,14000000,227015,,0.0,0,,RPQOMLOKQHOFFCA28CA
內湖區,車位,臺北市內湖區成功路五段451~480號,1.34,住,,,1080726,土地0建物0車位1,,,其他,,,,29.64,0,0,0,有,有,2300000,,坡道平面,29.64,2300000,,RPOPMLOKQHOFFCA18CA
內湖區,房地(土地+建物)+車位,臺北市內湖區文湖街21巷91弄1~30號,22.63,住,,,1080325,土地1建物1車位1,七層,十層,華廈(10層含以下有電梯),住家用,鋼筋混凝土造,1070105,105.46000000000001,2,1,1,有,有,23527000,223089,升降機械,0.0,0,,RPVOMLTKQHOFFCA66CA
內湖區,房地(土地+建物)+車位,臺北市內湖區文湖街21巷91弄1~30號,22.63,住,,,1080711,土地1建物1車位1,十層,十層,華廈(10層含以下有電梯),住家用,鋼筋混凝土造,1070105,105.46000000000001,2,1,1,有,有,25022000,237265,升降機械,0.0,0,,RPTOMLTKQHOFFCA09CA
松山區,房地(土地+建物),臺北市松山區新東街30巷31~60號,60.5,住,,,1080630,土地1建物1車位0,四層，陽台,四層,公寓(5樓含以下無電梯),住家用,鋼筋混凝土造,0631029,169.1,4,2,2,有,無,23500000,138971,,0.0,0,含增建或未登記建物。;,RPQOMLPJQHOFFDA38CA
信義區,房地(土地+建物),臺北市信義區基隆路一段421~450號,9.38,商,,,1080620,土地2建物1車位0,八層,十五層,辦公商業大樓,商業用,鋼筋混凝土造,,104.35,0,1,0,有,有,18780000,179971,,0.0,0,,RPWNMLQJQHOFFDA98CA
內湖區,房地(土地+建物),臺北市內湖區民權東路六段115巷1~30號,5.32,商,,,1080713,土地1建物1車位0,七層,七層,套房(1房1廳1衛),商業用,鋼筋混凝土造,0970130,51.63,1,1,1,有,有,11750000,227581,,0.0,0,,RPWPMLLLQHOFFCA78CA
南港區,房地(土地+建物),臺北市南港區福德街451~480號,22.2,住,,,1080702,土地1建物1車位0,一層,十八層,住宅大樓(11層含以上有電梯),見其他登記事項,鋼筋混凝土造,0870521,145.4,3,2,2,有,有,16050000,110385,,0.0,0,,RPOOMLMKQHOFFDA97CA
松山區,土地,美仁段一小段331~360地號,0.16,住,,,1080624,土地1建物0車位0,,,其他,,,,0.0,0,0,0,有,無,54842,0,,0.0,0,親友、員工或其他特殊關係間之交易。;,RPVOMLOKQHOFFDA88CA
信義區,房地(土地+建物),臺北市信義區忠孝東路五段372巷27弄61~90號,26.03,住,,,1080623,土地1建物1車位0,七層,七層,華廈(10層含以下有電梯),住家用,鋼筋混凝土造,,127.75999999999999,4,2,2,有,有,32150000,251644,,0.0,0,含增建或未登記建物。;,RPVPMLKLQHOFFDA68CA
信義區,房地(土地+建物)+車位,臺北市信義區忠孝東路五段541~570號,43.2,住,,,1080710,土地1建物2車位3,七層,十五層,住宅大樓(11層含以上有電梯),商業用,鋼筋混凝土造,0801120,498.41,0,0,0,無,有,90000000,180574,坡道平面,0.0,0,,RPWPMLNLQHOFFDA09CA
南港區,房地(土地+建物),臺北市南港區研究院路二段31~60號,26.95,住,,,1080521,土地1建物1車位0,一層，騎樓，停車場,五層,公寓(5樓含以下無電梯),見使用執照,鋼筋混凝土造,,112.01,0,0,0,無,無,5041773,45012,,0.0,0,親友、員工或其他特殊關係間之交易。;二等親買賣以公契價金為買賣價金，無另訂私契。,RPSNMLQLQHOFFDA78CA
士林區,車位,臺北市士林區士東路286巷31~60號,2.82,住,,,1080715,土地0建物0車位1,見使用執照,十層,其他,見使用執照,鋼筋混凝土造,0880715,20.55,0,0,0,有,有,950000,,塔式車位,20.55,950000,,RPXOMLSJQHOFFEA86CA
北投區,房地(土地+建物)+車位,臺北市北投區裕民二路61~90號,20.94,商,,,1080531,土地1建物1車位1,十九層,十九層,住宅大樓(11層含以上有電梯),見其他登記事項,鋼筋混凝土造,1021108,284.89,3,2,2,有,有,51000000,179016,坡道平面,0.0,0,親友、員工或其他特殊關係間之交易。;,RPWNMLRJQHOFFEA56CA
北投區,車位,臺北市北投區中山北路七段219巷3弄181~210號,13.3,住,,,1080725,土地0建物0車位1,地下一層,七層,其他,見使用執照,鋼筋混凝土造,0731227,65.67,0,0,0,有,有,3250000,,坡道平面,65.67,3250000,單獨車位交易。;,RPXNMLRJQHOFFEA66CA
北投區,土地,八仙段一小段91~120地號,3930.0,農,,,1080708,土地2建物0車位0,,,其他,,,,0.0,0,0,0,有,無,213988500,54450,,0.0,0,,RPUOMLPJQHOFFEA88CA
南港區,房地(土地+建物)+車位,臺北市南港區向陽路162巷91~120號,44.84,商,,,1080714,土地1建物1車位1,十五層,十五層,住宅大樓(11層含以上有電梯),見其他登記事項,鋼筋混凝土造,1000304,271.08,2,2,2,有,有,46000000,169692,坡道平面,39.32,0,,RPWPMLKMQHOFFDA88CA
南港區,房地(土地+建物)+車位,臺北市南港區興中路68巷1~30號,16.38,商,,,1080708,土地1建物1車位2,十九層,二十二層,住宅大樓(11層含以上有電梯),見其他登記事項,鋼筋混凝土造,1060707,264.15000000000003,4,2,2,有,有,45180000,221996,坡道平面,77.3,3700000,,RPXNMLMJRHOFFDA78CA
士林區,房地(土地+建物),臺北市士林區福華路164巷1~30號,31.75,住,,,1080722,土地1建物1車位0,四層,四層,公寓(5樓含以下無電梯),住家用,鋼筋混凝土造,0621226,95.57,4,1,2,有,無,21000000,219734,,0.0,0,含增建或未登記建物。;,RPWNMLOKQHOFFEA98CA
士林區,房地(土地+建物),臺北市士林區忠誠路一段171巷10弄1~30號,32.3,住,,,1080609,土地1建物1車位0,四層,十層,華廈(10層含以下有電梯),住家用,鋼筋混凝土造,0810930,145.09,3,2,2,有,有,29280000,201806,,0.0,0,含增建或未登記建物。;,RPSPMLNKQHOFFEA68CA
士林區,房地(土地+建物),臺北市士林區德行東路266巷1~30號,33.66,住,,,1080618,土地3建物1車位0,四層,五層,公寓(5樓含以下無電梯),住家用,鋼筋混凝土造,0700216,120.71,3,2,2,有,有,15300000,126750,,0.0,0,含增建或未登記建物。;,RPTPMLPJQHOFFEA88CA
士林區,房地(土地+建物),臺北市士林區中山北路六段151~180號,37.5,住,,,1080714,土地1建物1車位0,三層，陽台,四層,公寓(5樓含以下無電梯),住家用,鋼筋混凝土造,0640630,102.83,1,2,1,有,無,17200000,167266,,0.0,0,,RPTNMLPKQHOFFEA78CA
大安區,房地(土地+建物),臺北市大安區樂業街118巷1~30號,29.0,住,,,1080701,土地1建物1車位0,四層,四層,公寓(5樓含以下無電梯),住家用,鋼筋混凝土造,,84.34,3,2,2,有,無,15500000,183780,,0.0,0,,RPSOMLPJQHOFFFA78CA
大安區,房地(土地+建物),臺北市大安區和平東路三段416巷25弄1~30號,30.86,住,,,1080706,土地1建物1車位0,五層,五層,公寓(5樓含以下無電梯),住家用,鋼筋混凝土造,0750609,100.27,5,0,2,有,無,12500000,124663,,0.0,0,含增建或未登記建物。;,RPPNMLRJQHOFFFA58CA
大安區,房地(土地+建物),臺北市大安區和平東路三段416巷25弄1~30號,30.86,住,,,1080706,土地1建物1車位0,四層,五層,公寓(5樓含以下無電梯),住家用,鋼筋混凝土造,0750609,100.27,5,0,2,有,無,12500000,124663,,0.0,0,含增建或未登記建物。;,RPQNMLRJQHOFFFA68CA
大安區,房地(土地+建物),臺北市大安區敦化南路二段151~180號,29.46,其他,,,1080614,土地2建物1車位0,六層,六層,華廈(10層含以下有電梯),,鋼筋混凝土造,0630415,84.84,5,3,2,有,有,22580000,266148,,0.0,0,含增建或未登記建物。;,RPOOMLRJQHOFFFA58CA
大安區,房地(土地+建物),臺北市大安區新生南路三段70巷2弄1~30號,116.0,住,,,1080708,土地1建物1車位0,全,二層,透天厝,,加強磚造,,102.82,4,1,3,有,無,91936000,894145,,0.0,0,,RPQOMLSJQHOFFFA88CA
大安區,房地(土地+建物)+車位,臺北市大安區延吉街252巷1~30號,13.15,其他,,,1080618,土地2建物2車位1,八層,九層,華廈(10層含以下有電梯),住家用,鋼筋混凝土造,0820423,138.93,2,2,2,有,有,24300000,174908,坡道平面,36.93,0,,RPQNMLMKQHOFFFA28CA
大安區,土地,仁愛段二小段481~510地號,5.95,其他,,,1080725,土地1建物0車位0,,,其他,,,,0.0,0,0,0,有,無,700000,117647,,0.0,0,包含公共設施保留地之交易。;,RPQOMLQKQHOFFFA78CA
大安區,房地(土地+建物)+車位,臺北市大安區通安街1~30號,14.49,其他,,,1080719,土地3建物1車位1,六層,九層,華廈(10層含以下有電梯),住家用,鋼筋混凝土造,1010503,100.44,2,2,1,有,有,30000000,298686,升降機械,14.2,0,含增建或未登記建物。;,RPWOMLKLQHOFFFA88CA
文山區,土地,萬芳段二小段1~30地號,26.77,其他,,,1080723,土地7建物0車位0,,,其他,,,,0.0,0,0,0,有,無,250000,9339,,0.0,0,土增稅由買方負擔,RPRNMLPJQHOFFAA18DA
文山區,土地,萬芳段二小段31~60地號,26.77,其他,,,1080723,土地7建物0車位0,,,其他,,,,0.0,0,0,0,有,無,250000,9339,,0.0,0,土增稅由買方負擔,RPSNMLPJQHOFFAA28DA
文山區,房地(土地+建物),臺北市文山區育英街2巷1弄1~30號,38.0,住,,,1080714,土地1建物1車位0,二層，陽台,四層,公寓(5樓含以下無電梯),住家用,鋼筋混凝土造,0660114,105.15,3,2,2,有,無,15350000,145982,,0.0,0,含增建或未登記建物。,RPTPMLNKQHOFFAA48DA
內湖區,房地(土地+建物),臺北市內湖區大湖山莊街211~240號,16.87,住,,,1080617,土地1建物1車位0,八層,十層,華廈(10層含以下有電梯),住家用,鋼筋混凝土造,0820729,68.05,2,2,1,有,有,11000000,161646,,0.0,0,含增建或未登記建物。,RPXQMLMKQHOFFCA09DA
中山區,房地(土地+建物),臺北市中山區農安街1~30號,6.1,商,,,1080708,土地1建物1車位0,七層,十二層,住宅大樓(11層含以上有電梯),住家用,鋼筋混凝土造,0730323,74.97999999999999,3,2,2,有,有,13300000,177381,,0.0,0,含增建或未登記建物。,RPOOMLNKQHOFFCA08DA
中山區,房地(土地+建物)+車位,臺北市中山區南京東路二段91~120號,79.36,商,,,1080516,土地3建物2車位3,二層,十二層,辦公商業大樓,商業用,鋼筋混凝土造,0670111,679.8,0,4,0,有,無,150700000,257101,升降平面,122.82,7500000,,RPQOMLMLQHOFFCA28DA
南港區,房地(土地+建物),臺北市南港區福德街373巷31~60號,21.15,住,,,1080615,土地1建物1車位0,十三層,十九層,住宅大樓(11層含以上有電梯),見其他登記事項,鋼筋混凝土造,0870521,128.05,2,2,1,有,有,16500000,128856,,0.0,0,,RPXOMLMKQHOFFDA98DA
信義區,房地(土地+建物),臺北市信義區吳興街600巷76弄1~30號,18.66,住,,,1080706,土地1建物1車位0,五層,六層,華廈(10層含以下有電梯),見其他登記事項,鋼筋混凝土造,1050301,81.57,3,2,1,有,有,13800000,169180,,0.0,0,,RPPNMLKLQHOFFDA97DA
北投區,房地(土地+建物),臺北市北投區中和街361~390號,30.5,住,,,1080724,土地1建物1車位0,全,二層,透天厝,住家用,加強磚造,0580429,56.41,3,2,2,有,無,4000000,70909,,0.0,0,親友、員工或其他特殊關係間之交易。;,RPQNMLQJQHOFFEA58DA
北投區,房地(土地+建物)+車位,臺北市北投區立農街二段211~240號,30.75,住,,,1080602,土地1建物1車位1,三層，電梯樓梯間,十二層,住宅大樓(11層含以上有電梯),住家用,鋼筋混凝土造,0851106,149.46,2,2,1,有,有,25500000,200681,坡道平面,34.85,2500000,含增建或未登記建物。,RPTNMLKKQHOFFEA38DA
北投區,土地,溫泉段三小段211~240地號,60.79,其他,,,1080724,土地3建物0車位0,,,其他,,,,0.0,0,0,0,有,無,485414,7985,,0.0,0,包含公共設施保留地之交易。;108年度臺北市政府以容積代金基金採購私有公共設施保留地之交易。,RPOOMLNKQHOFFEA28DA
北投區,房地(土地+建物),臺北市北投區新興路121~150號,31.11,住,,,1080623,土地1建物1車位0,四層,四層,公寓(5樓含以下無電梯),住家用,鋼筋混凝土造,0780612,116.03999999999999,4,3,3,有,有,9500000,81868,,0.0,0,含增建或未登記建物。,RPWNMLPKQHOFFEA56DA
信義區,土地,祥和段三小段211~240地號,36.33,其他,,,1080724,土地2建物0車位0,,,其他,,,,0.0,0,0,0,有,無,1338339,36838,,0.0,0,,RPTNMLNKQHOFFDA58DA
信義區,土地,三興段三小段181~210地號,25.3,其他,,,1080724,土地2建物0車位0,,,其他,,,,0.0,0,0,0,有,無,890043,35180,,0.0,0,108年度臺北市政府以容積代金基金採購私有公共設施保留地之交易。,RPUNMLNKQHOFFDA68DA
大安區,房地(土地+建物),臺北市大安區四維路192巷1~30號,54.26,住,,,1080610,土地4建物1車位0,五層,六層,華廈(10層含以下有電梯),住家用,鋼筋混凝土造,0580815,184.99,7,3,2,有,無,38000000,205417,,0.0,0,含增建或未登記建物。,RPUPMLTKQHOFFFA07DA
大安區,房地(土地+建物),臺北市大安區嘉興街361~390號,14.38,商,,,1080716,土地1建物1車位0,三層，陽台,四層,公寓(5樓含以下無電梯),住家用,鋼筋混凝土造,,48.3,3,1,1,有,無,7300000,151139,,0.0,0,,RPTNMLQLQHOFFFA56DA
大安區,房地(土地+建物),臺北市大安區安和路二段184巷1~30號,41.25,其他,,,1080703,土地2建物1車位0,二層,四層,公寓(5樓含以下無電梯),住家用,鋼筋混凝土造,0610519,121.11,4,2,2,有,無,33000000,272480,,0.0,0,含增建或未登記建物。,RPROMLSJQHOFFFA09DA
大安區,房地(土地+建物),臺北市大安區通化街57巷18弄1~30號,42.0,商,,,1080605,土地1建物1車位0,全,三層,透天厝,住家用,鋼筋混凝土造,0831130,121.38,6,2,6,有,無,22700000,187016,,0.0,0,含增建或未登記建物。,RPPNMLRKQHOFFFA78DA
北投區,房地(土地+建物),臺北市北投區西安街一段301~330號,23.25,商,,,1080616,土地1建物1車位0,三層,四層,公寓(5樓含以下無電梯),住家用,鋼筋混凝土造,0610404,81.64,3,2,1,有,無,13200000,161685,,0.0,0,含增建或未登記建物。,RPVPMLNKQHOFFEA09DA
信義區,房地(土地+建物),臺北市信義區基隆路二段121~150號,12.56,商,,,1080702,土地2建物1車位0,九層,十二層,住宅大樓(11層含以上有電梯),住家用,鋼筋混凝土造,0750714,152.72,4,2,2,有,無,26900000,176139,,0.0,0,含增建或未登記建物。,RPXQMLKLQHOFFDA09DA
中山區,房地(土地+建物),臺北市中山區建國北路一段23巷31~60號,14.73,其他,,,1080704,土地1建物1車位0,二層,九層,華廈(10層含以下有電梯),住家用,鋼筋混凝土造,0860613,53.559999999999995,2,1,1,有,有,11400000,212845,,0.0,0,含增建或未登記建物。,RPOSMLTKQHOFFCA09DA
信義區,車位,臺北市信義區光復南路391~420號,3.35,商,,,1080723,土地0建物0車位2,防空避難室，停車場,十二層,其他,見使用執照,鋼筋混凝土造,0691128,35.9,0,0,0,有,有,2340000,,升降機械,35.9,2340000,單獨車位交易。;,RPQOMLRJQHOFFDA68DA
中山區,房地(土地+建物),臺北市中山區復興北路211~240號,29.03,住,,,1080612,土地1建物1車位0,六層,十三層,住宅大樓(11層含以上有電梯),見其他登記事項,鋼筋混凝土造,0750314,140.68,3,2,2,有,有,20600000,146442,,0.0,0,親友、員工或其他特殊關係間之交易。;,RPQPMLSJQHOFFCA78DA
文山區,土地,博嘉段三小段901~930地號,120.17,其他,,,1080724,土地2建物0車位0,,,其他,,,,0.0,0,0,0,有,無,977814,8137,,0.0,0,108年度臺北市政府以容積代金基金採購私有公共設施保留地之交易。,RPQOMLNKQHOFFAA08DA
萬華區,房地(土地+建物),臺北市萬華區環河南路二段250巷56弄1~30號,27.74,住,,,1080710,土地2建物1車位0,五層,五層,公寓(5樓含以下無電梯),住家用,鋼筋混凝土造,0730709,95.42999999999999,3,2,2,有,無,8300000,86975,,0.0,0,含增建或未登記建物。,RPSOMLTKQHOFFBA98DA
萬華區,房地(土地+建物),臺北市萬華區貴陽街二段151~180號,2.9,商,,,1080615,土地2建物1車位0,全,二層,透天厝,住商用,加強磚造,,3.78,1,0,1,有,無,1760000,465608,,0.0,0,含增建或未登記建物。;,RPUNMLSLQHOFFBA09DA
大安區,房地(土地+建物)+車位,臺北市大安區敦南街61~90號,61.4,住,,,1080704,土地1建物1車位3,十六層,二十七層,住宅大樓(11層含以上有電梯),住家用,鋼骨鋼筋混凝土造,1051005,529.31,4,2,4,有,有,188800000,356691,坡道平面,88.8,0,,RPOOMLKMQHOFFFA18CA
大安區,房地(土地+建物),臺北市大安區大安路一段52巷1~30號,28.64,住,,,1080717,土地1建物1車位0,五層,七層,華廈(10層含以下有電梯),住家用,鋼筋混凝土造,,136.27,4,2,2,有,無,16550000,121450,,0.0,0,親友、員工或其他特殊關係間之交易。;,RPTOMLMKQHOFFFA68CA
士林區,土地,中洲段301~330地號,122.68,住,,,1080614,土地11建物0車位0,,,其他,,,,0.0,0,0,0,有,無,3870000,31545,,0.0,0,親友、員工或其他特殊關係間之交易。;,RPXNMLNLQHOFFEA09CA
大安區,房地(土地+建物),臺北市大安區光復南路421~450號,12.23,商,,,1080616,土地1建物1車位0,六層,十二層,住宅大樓(11層含以上有電梯),商業用,鋼筋混凝土造,0760807,143.57999999999998,4,2,2,有,有,36000000,250731,,0.0,0,含增建或未登記建物。;,RPPNMLOKQHOFFFA38CA
大安區,房地(土地+建物),臺北市大安區建國南路一段151~180號,21.1,住,,,1080704,土地2建物1車位0,十層，陽台,十二層,住宅大樓(11層含以上有電梯),住家用,鋼筋混凝土造,,172.87,4,2,2,有,有,35200000,203621,,0.0,0,含增建或未登記建物。;,RPWNMLOKQHOFFFA09CA
大安區,房地(土地+建物),臺北市大安區潮州街121~150號,13.12,住,,,1080716,土地1建物1車位0,四層,四層,公寓(5樓含以下無電梯),住家用,加強磚造,,36.51,2,1,1,有,無,6300000,172555,,0.0,0,親友、員工或其他特殊關係間之交易。;,RPOOMLOKQHOFFFA38CA
大安區,房地(土地+建物)+車位,臺北市大安區信義路二段181~210號,33.3,商,,,1080202,土地2建物1車位3,十三層,二十層,住宅大樓(11層含以上有電梯),住家用,見其他登記事項,1070305,540.76,0,0,0,無,有,237080000,520317,坡道平面,108.37,12100000,,RPUOMLRJQHOFFFA56CA
大安區,土地,龍泉段一小段1081~1110地號,13.32,其他,,,1080724,土地3建物0車位0,,,其他,,,,0.0,0,0,0,有,無,802779,60269,,0.0,0,包含公共設施保留地之交易。;,RPQNMLSJQHOFFFA78CA
大安區,土地,龍泉段一小段1081~1110地號,11.33,其他,,,1080724,土地2建物0車位0,,,其他,,,,0.0,0,0,0,有,無,606231,53507,,0.0,0,包含公共設施保留地之交易。;,RPRNMLSJQHOFFFA88CA
大安區,房地(土地+建物),臺北市大安區建國南路一段301~330號,13.74,住,,,1080629,土地2建物1車位0,七層,十四層,住宅大樓(11層含以上有電梯),,鋼筋混凝土造,,92.5,3,2,2,有,有,21780000,235459,,0.0,0,含增建或未登記建物。;,RPXNMLRJQHOFFFA76CA
大安區,土地,復興段三小段541~570地號,6.15,其他,,,1080725,土地2建物0車位0,,,其他,,,,0.0,0,0,0,有,無,509059,82774,,0.0,0,包含公共設施保留地之交易。;,RPQNMLQJQHOFFFA58CA
士林區,房地(土地+建物),臺北市士林區中山北路六段419巷1~30號,0.3,住,,,1080624,土地1建物3車位0,地下層,七層,店面(店鋪),見使用執照,鋼筋混凝土造,0750621,2.45,0,0,0,無,無,128463,52434,,0.0,0,親友、員工或其他特殊關係間之交易。;,RPVNMLPKQHOFFEA98CA
北投區,土地,行義段一小段1~30地號,0.98,其他,,,1080624,土地1建物0車位0,,,其他,,,,0.0,0,0,0,有,無,2556,0,,0.0,0,親友、員工或其他特殊關係間之交易。;,SPVNMLPKQHOFFEA09CA
北投區,房地(土地+建物),臺北市北投區自強街31巷5弄1~30號,40.75,住,,,1080714,土地1建物1車位0,四層,四層,公寓(5樓含以下無電梯),住家用,鋼筋混凝土造,0670217,105.91,4,2,2,有,無,11400000,107639,,0.0,0,陽台外推權利人二人本成交資訊係由不動產經紀業提供屬實,RPRNMLMKQHOFFEA28CA
士林區,土地,百齡段五小段301~330地號,10.82,其他,,,1080725,土地12建物0車位0,,,其他,,,,0.0,0,0,0,有,無,246899,22819,,0.0,0,包含公共設施保留地之交易。;,RPWNMLQJQHOFFEA09CA
士林區,房地(土地+建物),臺北市士林區天母西路31~60號,26.93,商,,,1080609,土地3建物1車位0,五層,五層,公寓(5樓含以下無電梯),住家用,鋼筋混凝土造,0671230,113.05,3,2,1,有,無,16300000,144184,,0.0,0,,RPUOMLQJQHOFFEA98CA
北投區,房地(土地+建物)+車位,臺北市北投區中和街398巷5弄1~30號,134.64,住,,,1080608,土地4建物1車位2,全,十層,透天厝,住家用,鋼筋混凝土造,0840622,309.28,5,2,4,有,有,29850000,96514,坡道平面,0.0,0,含增建或未登記建物。;,RPQPMLQJQHOFFEA68CA
士林區,房地(土地+建物)+車位,臺北市士林區中正路655巷1~30號,22.62,住,,,1080701,土地1建物1車位1,六層,十五層,住宅大樓(11層含以上有電梯),住家用,鋼筋混凝土造,1030606,153.64,3,2,2,有,有,22800000,148399,坡道平面,30.52,0,,RPRPMLQJQHOFFEA78CA
士林區,房地(土地+建物),臺北市士林區天母東路105巷1~30號,28.09,住,,,1080617,土地3建物1車位0,五層,五層,公寓(5樓含以下無電梯),住家用,鋼筋混凝土造,0750609,114.02000000000001,3,2,2,有,無,15080000,132257,,0.0,0,,RPUOMLRJQHOFFEA09CA
北投區,房地(土地+建物),臺北市北投區尊賢街245巷31~60號,36.38,其他,,,1080710,土地2建物1車位0,四層,四層,公寓(5樓含以下無電梯),住家用,鋼筋混凝土造,0690729,88.83,3,2,2,有,無,10000000,112575,,0.0,0,親友、員工或其他特殊關係間之交易。;,RPVOMLRJQHOFFEA56CA
士林區,房地(土地+建物),臺北市士林區中山北路六段186巷31~60號,18.9,住,,,1080527,土地2建物1車位0,一層,五層,公寓(5樓含以下無電梯),商業用,鋼筋混凝土造,0741028,68.54,2,2,1,有,無,18800000,274292,,0.0,0,含增建或未登記建物。;,RPUPMLSJQHOFFEA66CA
松山區,房地(土地+建物),臺北市松山區民生東路五段181~210號,5.11,商,,,1080704,土地1建物1車位0,十層,二十層,住宅大樓(11層含以上有電梯),商業用,鋼筋混凝土造,0780629,81.17,2,2,1,有,有,16850000,207589,,0.0,0,,RPTPMLKMQHOFFDA58CA
南港區,房地(土地+建物)+車位,臺北市南港區經貿二路157巷36弄61~90號,12.28,住,,,1080624,土地1建物1車位1,四層,七層,華廈(10層含以下有電梯),住家用,鋼筋混凝土造,0970910,68.09,1,1,1,有,有,12000000,176237,升降機械,0.0,0,,RPPOMLTKQHOFFDA78CA
信義區,房地(土地+建物),臺北市信義區光復南路451~480號,17.49,住,,,1080715,土地3建物1車位0,十二層,十二層,住宅大樓(11層含以上有電梯),見其他登記事項,鋼筋混凝土造,,87.39,1,1,1,有,有,21000000,240302,,0.0,0,,RPPOMLRJQHOFFDA48CA
南港區,房地(土地+建物)+車位,臺北市南港區園區街31~60號,22.36,住,,,1070623,土地1建物1車位1,二層,十二層,住宅大樓(11層含以上有電梯),住家用,鋼筋混凝土造,1000414,169.61,3,2,2,有,有,32000000,188668,坡道平面,33.87,0,,RPSOMLRJQHOFFDA78CA
松山區,房地(土地+建物),臺北市松山區八德路二段331~360號,7.85,商,,,1080616,土地1建物1車位0,三層,十二層,住宅大樓(11層含以上有電梯),商業用,鋼筋混凝土造,0750319,70.34,2,2,1,有,有,15880000,225761,,0.0,0,含增建或未登記建物。;,RPXOMLRJQHOFFDA66CA
南港區,房地(土地+建物),臺北市南港區忠孝東路六段370巷1~30號,32.2,住,,,1080610,土地3建物1車位0,四層,五層,公寓(5樓含以下無電梯),住家用,鋼筋混凝土造,,120.57,3,2,2,有,無,8100000,67181,,0.0,0,親友、員工或其他特殊關係間之交易。;,RPSQMLRJQHOFFDA98CA
南港區,房地(土地+建物),臺北市南港區成福路181~210號,30.2,住,,,1080705,土地4建物1車位0,二層,五層,公寓(5樓含以下無電梯),住家用,鋼筋混凝土造,,100.91,3,2,1,有,無,8500000,84233,,0.0,0,親友、員工或其他特殊關係間之交易。;,RPTNMLSJQHOFFDA88CA
南港區,車位,臺北市南港區東新街180巷1~30號,0.54,住,,,1080717,土地0建物0車位0,,,其他,,,,36.6,0,0,0,有,有,2080000,,坡道平面,36.6,2080000,單獨車位交易。;,RPPOMLSJQHOFFDA58CA
中山區,房地(土地+建物),臺北市中山區雙城街3巷1~30號,2.68,商,,,1080723,土地1建物1車位0,地下一層,十五層,辦公商業大樓,商業用,鋼筋混凝土造,0841201,26.15,0,0,0,無,有,1346400,51488,,0.0,0,,RPOOMLNJRHOFFCA97CA
中山區,車位,臺北市中山區八德路二段91~120號,0.91,商,,,1080720,土地0建物0車位1,,,其他,,,,32.04,0,0,0,有,無,3500000,,坡道平面,32.04,3500000,單獨車位交易。;,RPWNMLSLQHOFFCA66CA
中山區,房地(土地+建物)+車位,臺北市中山區建國北路一段1~30號,19.76,商,,,1080701,土地4建物1車位1,八層,二十四層,住宅大樓(11層含以上有電梯),見其他登記事項,鋼骨鋼筋混凝土造,1071213,249.3,3,2,2,有,無,50000000,218402,坡道平面,32.04,2550000,,RPOOMLSLQHOFFCA58CA
中山區,房地(土地+建物)+車位,臺北市中山區建國北路一段1~30號,19.76,商,,,1080701,土地4建物1車位1,十四層,二十四層,住宅大樓(11層含以上有電梯),見其他登記事項,鋼骨鋼筋混凝土造,1071213,249.3,3,2,2,有,無,57800000,255684,坡道平面,32.04,2250000,,RPPOMLSLQHOFFCA68CA
中山區,房地(土地+建物)+車位,臺北市中山區合江街31~60號,12.52,住,,,1080712,土地1建物1車位1,五層,十一層,套房(1房1廳1衛),住家用,鋼筋混凝土造,1070514,101.54,1,1,1,有,有,22175640,218393,升降機械,21.56,0,,RPSNMLOKQHOFFCA38CA
內湖區,車位,臺北市內湖區五分街31~60號,0.22,住,,,1080718,土地0建物0車位1,地下一層,九層,其他,商業用,鋼筋混凝土造,0861203,22.84,0,0,0,有,有,1500000,,坡道平面,22.83,1500000,,RPUOMLRJQHOFFCA88CA
內湖區,車位,臺北市內湖區五分街31~60號,0.22,住,,,1080718,土地0建物0車位1,,,其他,,,,22.84,0,0,0,有,有,1500000,,坡道平面,22.83,1500000,,RPWOMLRJQHOFFCA09CA
中山區,房地(土地+建物),臺北市中山區林森北路85巷61~90號,5.38,商,,,1080627,土地1建物1車位0,七層,八層,套房(1房1廳1衛),住家用,鋼筋混凝土造,0970925,19.8,1,1,1,有,有,4000000,202020,,0.0,0,含增建或未登記建物。;,RPOQMLRJQHOFFCA48CA
中山區,房地(土地+建物),臺北市中山區民權東路二段1~30號,15.83,商,,,1080707,土地2建物1車位0,一層，騎樓,十二層,店面(店鋪),商業用,鋼筋混凝土造,0730319,82.62,0,0,0,無,有,34200000,413943,,0.0,0,含增建或未登記建物。;,RPWSMLQJQHOFFCA76CA
內湖區,房地(土地+建物),臺北市內湖區內湖路三段329巷10弄1~30號,30.53,住,,,1080705,土地2建物1車位0,三層,五層,公寓(5樓含以下無電梯),住家用,鋼筋混凝土造,0740111,115.58,3,2,2,有,無,11100000,96037,,0.0,0,含增建或未登記建物。;,RPTRMLQJQHOFFCA98CA
萬華區,房地(土地+建物)+車位,臺北市萬華區大理街91~120號,32.01,其他,,,1080709,土地4建物1車位1,二層,七層,華廈(10層含以下有電梯),住家用,鋼筋混凝土造,1010808,168.22,3,2,2,有,有,31500000,187255,塔式車位,10.92,0,,RPPOMLMJRHOFFBA87CA
萬華區,房地(土地+建物),臺北市萬華區西園路一段61~90號,5.37,商,,,1080720,土地1建物1車位0,一層，騎樓,五層,公寓(5樓含以下無電梯),見使用執照,鋼筋混凝土造,0671018,23.93,0,0,0,無,無,1500000,62683,,0.0,0,親友、員工或其他特殊關係間之交易。;,RPROMLQKQHOFFBA48CA
萬華區,房地(土地+建物),臺北市萬華區西園路一段61~90號,5.37,商,,,1080720,土地1建物1車位0,一層，騎樓,五層,公寓(5樓含以下無電梯),見使用執照,鋼筋混凝土造,0671018,23.93,0,0,0,無,無,1500000,62683,,0.0,0,親友、員工或其他特殊關係間之交易。;,RPSOMLQKQHOFFBA58CA
萬華區,房地(土地+建物),臺北市萬華區昆明街96巷1~30號,1.49,商,,,1080624,土地1建物1車位0,全,四層,透天厝,,加強磚造,,5.6,8,4,4,有,無,507375,90603,,0.0,0,親友、員工或其他特殊關係間之交易。;,RPSNMLPKQHOFFBA38CA
萬華區,房地(土地+建物),臺北市萬華區環河南路一段31~60號,0.13,商,,,1080624,土地2建物1車位0,全,二層,透天厝,住家用,見其他登記事項,,0.37,4,2,2,有,無,53658,0,,0.0,0,親友、員工或其他特殊關係間之交易。;,SPSNMLPKQHOFFBA48CA
內湖區,土地,文德段一小段241~270地號,0.33,住,,,1080729,土地1建物0車位0,,,其他,,,,0.0,0,0,0,有,無,150000,0,,0.0,0,增值稅12921元游買方繳納,RPQPMLQJQHOFFCA48CA
萬華區,房地(土地+建物),臺北市萬華區西藏路115巷5弄1~30號,25.25,住,,,1080629,土地1建物1車位0,二層,四層,公寓(5樓含以下無電梯),住家用,鋼筋混凝土造,0610906,62.89,2,2,1,有,無,10100000,160598,,0.0,0,含增建或未登記建物。;,RPVNMLRJQHOFFBA78CA
文山區,房地(土地+建物),臺北市文山區和平東路四段361~390號,10.27,住,,,1080701,土地1建物1車位0,四層,七層,華廈(10層含以下有電梯),見其他登記事項,鋼筋混凝土造,0720715,28.8,4,2,2,有,有,2613000,90761,,0.0,0,親友、員工或其他特殊關係間之交易。;,RPVOMLKLQHOFFAA28CA
文山區,房地(土地+建物),臺北市文山區和平東路四段361~390號,10.27,住,,,1080701,土地1建物1車位0,四層,七層,華廈(10層含以下有電梯),見其他登記事項,鋼筋混凝土造,0720715,28.8,4,2,2,有,有,2613000,90761,,0.0,0,親友、員工或其他特殊關係間之交易。;,RPXOMLKLQHOFFAA48CA
文山區,房地(土地+建物),臺北市文山區久康街1~30號,11.18,住,,,1080705,土地1建物1車位0,三層,七層,華廈(10層含以下有電梯),住家用,鋼筋混凝土造,0820715,53.66,3,2,2,有,無,4300000,80134,,0.0,0,親友、員工或其他特殊關係間之交易。;,RPVNMLSJQHOFFAA78CA
中正區,房地(土地+建物),臺北市中正區晉江街124巷1~30號,34.75,住,,,1080617,土地2建物1車位0,二層,四層,公寓(5樓含以下無電梯),,加強磚造,,106.6,3,2,2,有,無,13200000,123827,,0.0,0,親友、員工或其他特殊關係間之交易。;,RPUOMLQJQHOFFAA58CA
文山區,房地(土地+建物),臺北市文山區福興路82巷7弄1~30號,21.9,住,,,1080603,土地2建物1車位0,五層,五層,公寓(5樓含以下無電梯),住家用,鋼筋混凝土造,0720905,79.92,3,2,1,有,無,8500000,106356,,0.0,0,含增建或未登記建物。;,RPTNMLRJQHOFFAA48CA
